"id","x","y","variant","corpus","year","text","lect"
"变化/Na/XIN_CMN_20030420_wpr/24566",-0.071279394183305,0.0416667385308629,"变化","XIN","2003","可以 通过 “ 酶联 ” 反应 使 试剂<br>发生 颜色 <b>变化</b> , 明 确<br>显示 病毒 的 感染 。 据 中科院","ML"
"改变/Na/ZBN_CMN_20030710_wpr/14959",-0.00198505158633212,-0.020686158389256,"改变","ZBN","2003","政府 并 没有 向 外界 透露 该 政策<br>上 的 <b>改变</b> ， 主要 是<br>不 想 在 那些 比较 保守 的","SG"
"变化/Na/CNA_CMN_20001226_wpr/39740",-0.0685477341288815,0.130009871304799,"变化","CNA","2000","郝雪卿 台中市 二十六日电 ) 入冬 之后<br>, 由 于 气温 <b>变化</b> 大<br>, 台中市 林新 医院 胸腔 内科 主任<br>王德源 今","TW"
"改变/Na/XIN_CMN_20030714_wpr/24099",0.0580750093109797,0.0136156292299593,"改变","XIN","2003","的 发布 , 将 使 这 一 局面 开始<br>得到 <b>改变</b> 。 拥有 近 百年<br>酒店 顾问 经验 的 浩华 国际","ML"
"变化/Na/XIN_CMN_20030710_wpr/8711",-0.030804307183004,0.025220578631632,"变化","XIN","2003","文章 出来 后 , 三 大 网站 出现 了<br>一些 <b>变化</b> , 但 三 大<br>网站 的 负责人 表示 , 删改","ML"
"变化/Na/XIN_CMN_20001009_wpr/69949",0.00555037178914466,-0.00214447207016251,"变化","XIN","2000","舒适 ” 。 当地 同志 说 , 牧民 居住<br>的 <b>变化</b> 是 牧民 生活观<br>念 和 生活 方式 变化 的 晴雨表","ML"
"变化/Na/XIN_CMN_20001102_wpr/7268",0.024065611165896,0.0444559278048274,"变化","XIN","2000","、 渔业 和 地区 发展 政策 , 以便<br>把 气候 <b>变化</b> 因素 充分<br>考虑 进去 。 报告 还 呼吁 人 们","ML"
"变化/Na/XIN_CMN_20010108_wpr/19057",0.00103591824257864,0.00120608219775682,"变化","XIN","2001","了 满意 程度 测评 。 ( 完 ) 生理<br>心理 <b>变化</b> 大成 为 中小学<br>德育 教育 面临 的 新 课题 新华社","ML"
"变化/Na/XIN_CMN_20030601_wpr/23625",0.0110427238545982,0.102392684591076,"变化","XIN","2003","峡 蓄水 前 资料 收集 、 蓄水 过程<br>中 水质 <b>变化</b> 及 蓄水 后<br>水质 状况 的 全程 监测 , 并","ML"
"变化/Na/XIN_CMN_20010101_wpr/25330",0.00155078789354646,0.0158868604876505,"变化","XIN","2001","格局 基本形 成 , 对外 经济 关系 发生<br>了 重大 <b>变化</b> 。 现 在<br>我们 已经 胜利 实现 了 现代化 建设","ML"
"变化/Na/CNA_CMN_20001108_wpr/122025",-0.017499736616988,0.0280434340906079,"变化","CNA","2000","衡酌 实际 状况 后 决定 。 891108<br>美国 大选 出现 <b>变化</b> 外交部<br>将 撤回 已 拍发 贺电 ( 中央社 记者<br>吕怡青","TW"
"改变/Na/CNA_CMN_20030711_wpr/7216",-0.0113545691231931,-0.0114466201362393,"改变","CNA","2003","， 然后 长期 观察 和 追踪 他们 健康<br>状况 的 <b>改变</b> 。 包括 研究<br>饮食 习惯 和 生活 环境 对 癌症","TW"
"改变/Na/ZBN_CMN_20010129_wpr/19538",-0.181673839032602,-0.143528893633898,"改变","ZBN","2001","， 这 股 风尚 在 未来 一两 年 将<br>面临 <b>改变</b> 。 咖啡豆 与<br>茶叶 总裁 维特 （ VictorSassoon<br>） 接受","SG"
"变化/Na/XIN_CMN_20001008_wpr/75204",-0.00748419678382711,0.0972282208268894,"变化","XIN","2000","了 自来水 。 像 徐 继波 一 家 这样<br>的 <b>变化</b> , 在 外迁 移民<br>中 多不胜数 。 三峡 移民 外迁","ML"
"变化/Na/ZBN_CMN_20030510_wpr/2709",-0.0518614851417021,-0.0222279995901123,"变化","ZBN","2003","， 想 再 去 看看 公园 里 有 什么<br>新 <b>变化</b> ， 添置 了 什么<br>好玩 东西 ， 真正 把 公园","SG"
"变化/Na/XIN_CMN_20001007_wpr/27890",0.00117955395528757,0.0955801466218922,"变化","XIN","2000","整 个 生态系统 作 用 的 关系 ; 在<br>气候 <b>变化</b> 方面 , 科学家<br>需要 进一步 研究 地球 气候 在 一段","ML"
"变化/Na/XIN_CMN_20001227_wpr/47130",0.0123957332329253,0.0078988147483928,"变化","XIN","2000","努力 适应 新 世纪 宏观 社会 经济 环境<br>的 重大 <b>变化</b> 和 人 民生<br>活 水平 不断 提高 的 需要 ,","ML"
"变化/Na/CNA_CMN_20030703_wpr/9409",0.291564688120877,-0.0526241826317907,"变化","CNA","2003","。 美 在台协会 国庆 酒会 包道格 说<br>将 跟上 台湾 <b>变化</b> （ 中央社<br>记者 许湘欣 台北 三 日 电 ） 美国在台协会","TW"
"改变/Na/ZBN_CMN_20030712_wpr/42434",0.0530764258530365,-0.046492137535238,"改变","ZBN","2003","等到 北京 向 台北 摊牌 之前 ， 民进党<br>有 依据 <b>改变</b> 台湾 现状<br>， 寻求 国际 社会 的 支持 。 至于","SG"
"变化/Na/XIN_CMN_20001108_wpr/32597",-0.0117530821853576,0.0321559027376512,"变化","XIN","2000","写道 : “ 我 亲眼 目睹 了 故乡 的<br>巨大 <b>变化</b> …… 这 一切<br>变化 给 我 的 不仅仅 是 喜悦","ML"
"改变/Na/ZBN_CMN_20001025_wpr/17626",-0.00768065165343002,-0.00864477409461686,"改变","ZBN","2000","开课 ， 都 必需 仔细 地 加以 考虑<br>。 这些 <b>改变</b> 对 学生 并<br>没有 好处 。 教育部 将 不断 地","SG"
"改变/Na/XIN_CMN_20030920_wpr/15668",0.0269077248322874,-0.00314662683520176,"改变","XIN","2003","环境 为 代价 的 不可 持续 的 发展<br>模式 , <b>改变</b> 先 污染 后<br>治理 、 先 破坏 后 恢复 的","ML"
"改变/Na/ZBN_CMN_20010129_wpr/23706",-0.0544698163362198,-0.0373522496716629,"改变","ZBN","2001","越来越 大 ， 亲情 渐 淡 ， 已 是<br>不可 <b>改变</b> 的 事实 。 今天<br>， 新春 佳节 期间 ， 马新","SG"
"变化/Na/XIN_CMN_20030705_wpr/2635",-0.0307502676280231,-0.00729269282960307,"变化","XIN","2003","饮食起居 、 休闲 娱乐 等 , 发 生<br>了 哪些 <b>变化</b> ? 一般来说<br>, 您 一 天 的 日程 是 怎样","ML"
"变化/Na/XIN_CMN_20030404_wpr/149",0.0489347825248115,0.0434583104566051,"变化","XIN","2003","地区 的 70多 条 、 899 平方公里<br>的 冰 川 <b>变化</b> 进行 的<br>对比 分析 、 综合 研究 表明 , 总体","ML"
"改变/Na/CNA_CMN_20001221_wpr/88126",-0.0149943350410414,0.00416848881275603,"改变","CNA","2000","明显 缩 水 , 消费 行为 更 有 很<br>大 <b>改变</b> , 一些 中高档<br>的 餐厅 , 用餐 时间 往往 门可罗雀","TW"
"改变/Na/XIN_CMN_20001206_wpr/83458",-0.0153406392336316,-0.0151925100046088,"改变","XIN","2000","了 6400万 双 。 但 科技 对 人类<br>生活 的 <b>改变</b> 绝非 一蹴<br>而 就 。 在 世界 人口 达到 30亿","ML"
"变化/Na/ZBN_CMN_20030704_wpr/59230",-0.0698673655737808,0.079651051949255,"变化","ZBN","2003","的 报刊 ， 主管 单位 不变 ， 但是<br>职能 发生 <b>变化</b> 。 主管<br>单位 只 负 责 管理 社长 、 总编","SG"
"变化/Na/ZBN_CMN_20030524_wpr/70879",-0.196819232418189,0.00625869903311548,"变化","ZBN","2003","表现 的 ， 也 正 是 这样 一些 细微<br>的 <b>变化</b> 。 登临 高山 见<br>紫色 金色 山景 有 一 回","SG"
"改变/Na/ZBN_CMN_20030828_wpr/17156",0.000628823758462846,-0.0628580169923495,"改变","ZBN","2003","是 光头 的 形象 。 这 的确 是 一<br>种 <b>改变</b> ， 我 想 这 意味<br>着 我 戏路 的 改变","SG"
"改变/Na/ZBN_CMN_20030530_wpr/65820",-0.0481797553752253,-0.0149119226705137,"改变","ZBN","2003","进入 森林 后 ， 一切 起 了 很 大<br>的 <b>改变</b> 。 它们 如何 与<br>破坏王 斗智 斗勇 ， 最后 是否","SG"
"变化/Na/XIN_CMN_20001125_wpr/43244",-0.0534953756422465,0.0558019848194758,"变化","XIN","2000","引 资 场面 感慨 不已 : “ 广西 发生<br>的 <b>变化</b> 令 人 震惊 ,<br>广西 发展 的 前景 十分 广阔","ML"
"改变/Na/CNA_CMN_20001118_wpr/92326",0.00822253273509011,-0.0152606485247307,"改变","CNA","2000","大 共 识 是 : 任何 海崃 两岸 现状<br>的 <b>改变</b> , 应 透过 民主<br>程序 , 由 台湾人 民 决定","TW"
"变化/Na/XIN_CMN_20030806_wpr/10522",0.00458935857989662,-0.0694671144619015,"变化","XIN","2003","现任 秘书长 施里武 接任 。 对 奉党<br>内部 接下来 的 <b>变化</b> ,<br>人们 将 拭目以待 。 与 奉党 的 颇<br>势","ML"
"改变/Na/ZBN_CMN_20001216_wpr/39271",0.0981649747722476,-0.200254748219737,"改变","ZBN","2000","当局 将 考虑 更改 比赛 的 计分制 。<br>计分法 的 <b>改变</b> 与否 将<br>在 明年 4月 的 国际 乒总 常年 大会","SG"
"变化/Na/ZBN_CMN_20030930_wpr/51817",-0.0415956532449434,0.0386021209452513,"变化","ZBN","2003","珠江三角洲 及 长江三角洲 。 不过 这<br>一 情况 正在 发生 <b>变化</b><br>， 1996年 至 2000年 ， 辽宁<br>每 年 平均 吸引","SG"
"变化/Na/CNA_CMN_20001221_wpr/112931",-0.0335787994589882,-0.0210801217816257,"变化","CNA","2000","上升 百分之四点四 。 至于 在 生活 素质<br>满意 程度 及 <b>变化</b> 两 方面<br>, 受 访者 的 信心 指数 与 去年","TW"
"变化/Na/XIN_CMN_20030825_wpr/69338",-0.0364205070022824,0.0593183204591443,"变化","XIN","2003","坎昆 , 我们 却 有 机会 推动 世界<br>经济 发生 <b>变化</b> 。 ” 他<br>说 : “ 目标 是 明确 的","ML"
"改变/Na/CNA_CMN_20001211_wpr/133870",0.0112575468923583,-0.0182179614912587,"改变","CNA","2000","月 规定 , 并 不 是 政策 的 紧缩<br>、 <b>改变</b> 或者 摇摆 , 而是<br>要 配合 整 个 国家 法令","TW"
"变化/Na/XIN_CMN_20001029_wpr/39270",-0.0357431244794054,-0.00045988121506785,"变化","XIN","2000","与 远古 时期 的 毽子 相比 , 今天<br>的 花毽 <b>变化</b> 不 是 太<br>大 。 比赛 主要 分为 规定 动作","ML"
"改变/Na/XIN_CMN_20010130_wpr/26092",-0.0503575408065813,-0.0376103044273169,"改变","XIN","2001","爱 喝 白酒 的 农村 汉子 , 口味 也<br>有 <b>改变</b> , 他们 也 不再<br>喝 过去 那些 “ 点火 就","ML"
"改变/Na/ZBN_CMN_20030813_wpr/51195",0.0293328869510052,-0.0145658632275643,"改变","ZBN","2003","长远 竞争 优势 都 是 的 具 战略 意义<br>的 <b>改变</b> 。 在 不 改变<br>公积金 制度 设立 原意 的 基础","SG"
"变化/Na/XIN_CMN_20030809_wpr/8598",0.0273757990917437,0.0189958974798121,"变化","XIN","2003","双重 制约 日益 突出 , 对 国内外 农产品<br>市场 的 <b>变化</b> 更加 敏感<br>。 实现 农民 收入 稳定 增长 , 必须","ML"
"改变/Na/CNA_CMN_20001116_wpr/46685",0.0492141035598989,-0.0901731053184742,"改变","CNA","2000","的 重要 方面 。 二 、 希 望 台湾<br>当局 <b>改变</b> 目前 在 「 三通<br>」 问题 上 的 消极 态度","TW"
"改变/Na/CNA_CMN_20010101_wpr/29815",-0.0140411738156771,-0.0217974744791126,"改变","CNA","2001","再 加上 电 子网路 及 行动 数据 使用<br>习惯 的 <b>改变</b> , 数位 相机<br>逐步 取代 传统 相 机 的 趋势","TW"
"改变/Na/CNA_CMN_20001003_wpr/102697",0.0671707122128398,-0.11304070095568,"改变","CNA","2000","西方 国家 提供 更多 的 市场 份 额<br>, 要求 <b>改变</b> 不平 等 、<br>不 合理 的 贸易 条件 等 ,","TW"
"变化/Na/XIN_CMN_20030719_wpr/2872",0.00691481732798158,0.00395311500569459,"变化","XIN","2003","显示 了 语言 随着 社会 发展 潮流 产生<br>的 动态 <b>变化</b> , 表现 了<br>现代 社会观 念 的 变迁 。 而","ML"
"改变/Na/CNA_CMN_20010107_wpr/38237",-0.0905144236976709,-0.113564698308813,"改变","CNA","2001","入 , 不过 在 有线电视 普及 和 民众<br>收视 习惯 <b>改变</b> 后 , 八<br>点 档 连续剧 , 就 不见得 都","TW"
"变化/Na/XIN_CMN_20010114_wpr/62675",0.0251439368241208,0.00239076923112122,"变化","XIN","2001","发展 的 重点 产业 。 ( 国企 门 前<br>看 <b>变化</b> ) 一 位 老 宣传<br>干部 眼中 的 “ 新国","ML"
"改变/Na/ZBN_CMN_20030514_wpr/51616",-0.0246955068398761,-0.0322660261531563,"改变","ZBN","2003","沙斯时代 ” ， 中国人 的 生活 将 会<br>有 哪些 <b>改变</b> ？ 人 们<br>赫然 发 现 ， 中国人 很 注重","SG"
"改变/Na/XIN_CMN_20001123_wpr/61117",-0.0450614442549118,-0.0496747474911521,"改变","XIN","2000","卖 , 用 现代 化工厂 生产 取代 简单<br>屠宰 , <b>改变</b> 过去 鲜肉<br>由于 屠宰 简 单 , 裸 肉摊售 而","ML"
"改变/Na/ZBN_CMN_20010128_wpr/15520",0.0327229182756361,0.0413107261841509,"改变","ZBN","2001","戴尔 等 人 为 例 ， 指出 在 科技<br>迅速 <b>改变</b> 的 时代 ， 公司<br>企业 在 发展 的 全盛期 ，","SG"
"改变/Na/ZBN_CMN_20030706_wpr/30525",-0.0426925046436989,-0.0321585762077095,"改变","ZBN","2003","结果 显示 这 个 方法 行不通 ， 因此<br>小组 得 <b>改变</b> 计划 ， 先<br>进行 绕道 手术 ， 才 可以 将","SG"
"改变/Na/XIN_CMN_20030801_wpr/39340",0.00622012072752898,0.0203429696206777,"改变","XIN","2003","目前 在 大 箱体 底部 反覆 震荡 的<br>格局 并未 <b>改变</b> , 并 有<br>可能 在 深市 进一步 回调 的 带动","ML"
"改变/Na/XIN_CMN_20001014_wpr/51425",0.00386959528624156,-0.0345688319903818,"改变","XIN","2000","医科 大学 第二 医院 为首 的 7 家<br>医院 决定 <b>改变</b> 以往 分散<br>的 一 对 一 采购 方式 , 针对","ML"
"变化/Na/CNA_CMN_20001109_wpr/64853",-0.0980820077351468,-0.0655831221107256,"变化","CNA","2000","的 军事 预算 、 演习 数目 方面 并<br>无 显着 <b>变化</b> , 但 受访者<br>心理 上 则 对 中共 的 军事","TW"
"变化/Na/XIN_CMN_20030415_wpr/16524",-0.0431126450059736,0.0112577150777657,"变化","XIN","2003","厅 在 外观 上相 比 往常 并 没有 明显<br>的 <b>变化</b> , 但 音乐厅 的<br>基座 已 被 转 移到 一","ML"
"变化/Na/ZBN_CMN_20030618_wpr/39437",0.11315809179261,0.049144604038774,"变化","ZBN","2003","故事 》 。 讲座 中国 进入 世贸 后<br>的 法律 <b>变化</b> 及 外商 在<br>中国 投资 的 新 途径 （ 14时","SG"
"改变/Na/CNA_CMN_20001011_wpr/18148",-0.0827586481171612,-0.0902567165009484,"改变","CNA","2000","作为 相当 重要 , 可以 让 民众 感受<br>党 的 <b>改变</b> 。 891011<br>频尿 可能 是 膀胱 过动症 引发 ︵ 中央社","TW"
"变化/Na/CNA_CMN_20001026_wpr/148501",0.157059604944361,-0.0454317021033585,"变化","CNA","2000","许欣欣 说 , 大陆 民众 对 职业 声望<br>评价 的 <b>变化</b> 和 未来 择业<br>的 取向 , 反映出 智能型 职业 开始","TW"
"变化/Na/CNA_CMN_20010130_wpr/61551",0.040792066328898,0.00142593559118675,"变化","CNA","2001","召开 临时会 再 引起 注意 , 也 使<br>政局 再生 <b>变化</b> , 在 朝野<br>僵局 短 时间 内 无法 打开 之","TW"
"变化/Na/XIN_CMN_20030605_wpr/29276",-0.0138444806933296,-0.256170707646655,"变化","XIN","2003",", 它 一味 偏袒 纵容 以色列 的 立场<br>也 有 <b>变化</b> , 现在 它<br>终于 开始 注 意在 以色列 和 阿拉伯","ML"
"改变/Na/CNA_CMN_20001029_wpr/29241",-0.00427914671018893,-0.0343176166854298,"改变","CNA","2000",", 为了 国家 长治久安 , 因此 国民党<br>有 强烈 态度 <b>改变</b> 。 除了<br>党团 台面 上 的 说法 , 国民党 立法院","TW"
"改变/Na/ZBN_CMN_20030704_wpr/33290",-0.15733099567339,0.0434821260212863,"改变","ZBN","2003","损失 新航 考虑 向 洋汉 索取 3万 元<br>赔偿 被迫 <b>改变</b> 航线 ，<br>紧急 降陆 ， 新航 考虑 向 洋汉 索取","SG"
"变化/Na/CNA_CMN_20030602_wpr/7396",0.0442212632051561,-0.0183799193923295,"变化","CNA","2003","弱化 现象 ， 现阶段 台美 军售 态势<br>也 没有 任何 <b>变化</b> 。 简又新<br>是 在 立法院 外交 及 侨务 委员会 ，","TW"
"改变/Na/XIN_CMN_20030711_wpr/70201",-0.0104773851628295,-0.00605875724588654,"改变","XIN","2003","种 状况 可以 通过 知识 、 资金 等<br>手段 得到 <b>改变</b> , 这 正<br>是 非洲 国家 现在 要 做 的","ML"
"改变/Na/ZBN_CMN_20001120_wpr/25477",0.00292474340986579,-0.0180429404010592,"改变","ZBN","2000","明显 的 ， 不论 国人 宗教 信仰 产生<br>怎样 的 <b>改变</b> ， 新加坡<br>作为 一 个 多 种族 ， 多 宗教","SG"
"变化/Na/CNA_CMN_20001204_wpr/38242",-0.0868158486369037,0.0458204802702499,"变化","CNA","2000","考虑 接种 流行性 感冒 疫苗 。 二 、<br>留意 天气 <b>变化</b> , 注意<br>保暖 , 流 行期 避免 去 人 多","TW"
"变化/Na/XIN_CMN_20030826_wpr/411",0.00931834379154196,0.0189009111086013,"变化","XIN","2003","的 监测 体系 , 目的 是 了解 这些<br>疾病 的 <b>变化</b> 趋势 , 掌握<br>其 流行 特征 。 此外 , 为","ML"
"变化/Na/CNA_CMN_20010119_wpr/156994",-0.0530758940033106,0.100942019920246,"变化","CNA","2001","研究 将 让 科学家 能够 修改 他们 有关<br>大 气层 <b>变化</b> 的 模式 。<br>南北极 上空 大气层 较 高层 部分 臭氧","TW"
"改变/Na/CNA_CMN_20001105_wpr/44458",-0.00439561680513102,-0.0303903521715919,"改变","CNA","2000","来自 政治 动 乱 , 而是 经济 或 意识<br>形态 <b>改变</b> 的 结果 。 PERC<br>表示 , 香港 仍 易 受到","TW"
"变化/Na/XIN_CMN_20001111_wpr/42243",-0.0462349573138826,0.0363717032835748,"变化","XIN","2000",", 也 使 广东 茶楼 的 社会 功能 发生<br>了 <b>变化</b> 。 据说 , 以往<br>广东人 上 茶楼 都 有 各","ML"
"变化/Na/CNA_CMN_20001026_wpr/158490",-0.0242321000868569,0.0546481533679728,"变化","CNA","2000","反驳 。 叶昌桐 说明 报价 出现 误差<br>是 因 汇率 <b>变化</b> 造成 ,<br>他 并 强调 , 在 採购 过程 中","TW"
"变化/Na/CNA_CMN_20001113_wpr/144141",-0.021222926258445,0.0103391429191537,"变化","CNA","2000","种 均衡 仍 很 微 妙 , 随时 可能<br>发生 <b>变化</b> 。 台湾 与 美国<br>的 关系 出现 任何 变 化","TW"
"变化/Na/ZBN_CMN_20030405_wpr/53975",-0.109529338717648,0.0353760609464042,"变化","ZBN","2003","强 ， 清明 扫墓 形式 也 因此 而 起<br>了 <b>变化</b> 。 据 知 ， 有<br>不少 年轻人 在 扫墓 时","SG"
"改变/Na/ZBN_CMN_20030614_wpr/52928",0.015045003476068,-0.0242348889371983,"改变","ZBN","2003","过 去 无可 避免 的 僵硬 官僚 心态<br>固然 必须 <b>改变</b> ， 但 民众<br>也 必须 意识到 开 放 和 改变","SG"
"改变/Na/ZBN_CMN_20030720_wpr/3752",-0.0200378804230951,-0.0489385518413769,"改变","ZBN","2003","经济 增长 后 ， 社会 经济 的 改善<br>也 开始 <b>改变</b> 生活 方式<br>， 并 向 西方 国家 学习 ， 但","SG"
"改变/Na/ZBN_CMN_20030529_wpr/8530",0.00574900371490609,0.00847224614750524,"改变","ZBN","2003","位置 也 随着 球队 战术 安排 的 变化<br>而 不断 <b>改变</b> ， 塞 尔吉<br>尼奥 出场 替 下 皮尔洛 后 ，","SG"
"改变/Na/CNA_CMN_20001118_wpr/16980",-0.0274429468296767,-0.0503337621304364,"改变","CNA","2000",", 若干 地区 海平面 的 高度 可能 会<br>稍 有 <b>改变</b> 。 891118<br>柯林顿 在 许 多方面 是 亚洲 所 梦想","TW"
"改变/Na/CNA_CMN_20010111_wpr/72455",-0.054557247082508,-0.0555275170866123,"改变","CNA","2001","不 晓 , 而 无名子 能够 成功 打响<br>名号 与 <b>改变</b> 当地 民众<br>吃 的 习惯 , 张书铭 表示 , 最","TW"
"改变/Na/XIN_CMN_20030912_wpr/39363",0.0149197502199195,-0.00179185099967177,"改变","XIN","2003","人民币 的 汇率 稳定 , 可以 减少 市场<br>对于 汇率 <b>改变</b> 的 压力<br>; 人民币 升值 会 加速 中国 的 通货","ML"
"变化/Na/CNA_CMN_20001002_wpr/92237",-0.0969250928525466,0.0850554596616984,"变化","CNA","2000","第三 届 国民大会 第二 次 临 时 会<br>时 发生 <b>变化</b> , 通过 增修<br>条文 第十 条 第八 项 , 「","TW"
"改变/Na/ZBN_CMN_20030517_wpr/61588",0.0105787675684885,-0.0538083946664609,"改变","ZBN","2003","逐步 受到 遏制 外 ， 还 存在 当地<br>医院人 为 <b>改变</b> 归类 方式<br>的 因素 。 从 中国 全国 的 情况","SG"
"变化/Na/XIN_CMN_20010101_wpr/29956",-0.108205404940015,-0.0628429342587312,"变化","XIN","2001","要 缴税 ; 申报 纳税 的 时间 和 环节<br>没有 <b>变化</b> 。 车主 应 在<br>购买 或 取得 车辆 之 日","ML"
"变化/Na/XIN_CMN_20030630_wpr/22749",-0.0353893385418869,-0.00193760156519816,"变化","XIN","2003","几 个 月 不 见 就 会 有 很 大 <b>变化</b><br>。 ” 黄 三 贵 说 , 过去 到 这里","ML"
"变化/Na/ZBN_CMN_20030705_wpr/58863",-0.0631490333765158,-0.0246262300560577,"变化","ZBN","2003","这 两 年 ， 五月天 的 生活 都 有<br>了 <b>变化</b> 。 吉他手 石头<br>与 女友 狗狗 成婚 ， 目 前朝","SG"
"变化/Na/XIN_CMN_20030921_wpr/8314",0.0309830116798685,0.0349193433996336,"变化","XIN","2003","的 演变 成就 了 小泉 。 日本社 会<br>的 重大 <b>变化</b> 之 一 是<br>选民 中 无 党派 阶层 的 增加","ML"
"变化/Na/CNA_CMN_20001108_wpr/122109",-0.0647285132330391,-0.021408143646545,"变化","CNA","2000","开票 结果 快 出炉 之 际 , 出现戏<br>剧 性 <b>变化</b> , 由于 两<br>位 候选人 在 佛罗里达州 的 得票数 太过","TW"
"变化/Na/ZBN_CMN_20030827_wpr/7364",-0.0236269085735901,0.00689257145250198,"变化","ZBN","2003","方式 和 饮食 习惯 都 发生 了 很 大<br>的 <b>变化</b> ， 膳食 中 单一<br>营养 素 过剩 的 问题 已经","SG"
"改变/Na/ZBN_CMN_20030415_wpr/4339",0.0934099263738734,0.167693043488131,"改变","ZBN","2003","前 线 》 中 警告 ， 善变 的 病毒<br>＋ <b>改变</b> 中 的 生态 ＋<br>日增 的 交通 和 运输 ＝","SG"
"改变/Na/CNA_CMN_20001123_wpr/40207",0.00672248060388171,-0.0310229691702991,"改变","CNA","2000","借 程序 发言 逼问 陈菊 , 「 若 在<br>政策 <b>改变</b> 时 , 没 有<br>坚守 劳工 立场 , 是否 应该","TW"
"变化/Na/XIN_CMN_20030801_wpr/54993",0.0205216393942367,0.0157291430337581,"变化","XIN","2003","增长 八成 , 反映出 中国 企业 适应<br>国际 市场 快速 <b>变化</b> 的<br>能力 正在 提高 。 据 上海 海关 统计<br>,","ML"
"改变/Na/CNA_CMN_20001108_wpr/36556",0.0231224352478844,0.0392770777513538,"改变","CNA","2000","才 能 进行 回收 , 比较 不 受 投资<br>环境 <b>改变</b> 的 影响 , 但是<br>中小 型 投资案 不同 , 由于","TW"
"改变/Na/CNA_CMN_20001218_wpr/63605",-0.0324275756412866,0.0551087119103713,"改变","CNA","2000","、 月历 ; 今年 县府 希望 县民 认识<br>北县 的 <b>改变</b> , 特地 为<br>大 家 制作 以 重大 建设 系列","TW"
"改变/Na/ZBN_CMN_20030815_wpr/1908",0.0271838543737426,-0.0238550987711164,"改变","ZBN","2003","， 我 认为 必须 从 教育 制度 做 根本<br>的 <b>改变</b> ， 同时 电视台<br>也 互相 结合 ， 如 优 频道","SG"
"变化/Na/XIN_CMN_20030515_wpr/39195",-0.031431028779093,0.0416146426012067,"变化","XIN","2003","创造性思 维 中 存在 四 种 障碍 的<br>比率 则 <b>变化</b> 不 大 ,<br>反映 了 约 半数 青少年 在 创造","ML"
"变化/Na/XIN_CMN_20001203_wpr/7695",0.0119771915172323,0.0394020310463283,"变化","XIN","2000","全球 经济 一体 化 和 信息产业 给 人类<br>带来 的 <b>变化</b> 时 , 罗布<br>. 汗 指出 , 在 全球 经济","ML"
"改变/Na/ZBN_CMN_20030804_wpr/3924",-0.0663782628185174,-0.0655802019323565,"改变","ZBN","2003","与 人 相处 之 书 籍 ， 从中 帮助<br>自己 <b>改变</b> 一些 不良 的<br>性格 。 22 . 男性 的 拇指","SG"
"变化/Na/XIN_CMN_20001111_wpr/25445",0.00742662103961221,0.0287530584326741,"变化","XIN","2000","成效 的 合作 使 唐河县 传统农业 得到<br>了 脱胎换骨 的 <b>变化</b> ,<br>迅速 形成 了 无籽西瓜 、 黄牛 、 唐<br>酥","ML"
"变化/Na/ZBN_CMN_20030727_wpr/77814",-0.0184949420203052,0.061654450840652,"变化","ZBN","2003","或许 可以 让 我们 更加 了解 为什么<br>人脑 温度 会 <b>变化</b> 、 是<br>什么 使 之 变化 等等 。 （ 来源","SG"
"变化/Na/XIN_CMN_20030924_wpr/81175",-0.0899147450361275,0.172786074341435,"变化","XIN","2003","。 科学家 们 目前 对 “ PDE4D<br>” 基因 的 <b>变化</b> 机理 并<br>不 是 完全 清楚 。 他们 认为 ,","ML"
"改变/Na/XIN_CMN_20030705_wpr/12869",-0.130383428135544,0.059081601017604,"改变","XIN","2003","的 砖石 砌筑 城墙 和 敌楼 等 建筑<br>内部 结构 <b>改变</b> , 坍 塌<br>隐 患 很多 。 这些 破损 的","ML"
"变化/Na/XIN_CMN_20030424_wpr/8752",-0.0645474720721533,0.0579417594309873,"变化","XIN","2003",", 发生 变异 , 但 究竟 会 发生 什么样<br>的 <b>变化</b> 还 需要 时间观<br>察 , 现在 贸然 断定 其 传","ML"
"变化/Na/XIN_CMN_20001208_wpr/28453",-0.0157462902871104,0.0585845228436414,"变化","XIN","2000","股 冷 空气 影响 我国 , 大 部地 区<br>气温 <b>变化</b> 幅度 较 大 。<br>9 日 至 12 日 ,","ML"
"变化/Na/CNA_CMN_20001222_wpr/107890",0.065387766135299,-0.00660588743736854,"变化","CNA","2000","」 的 动作 已 造成 立法院 政治 情势<br>的 微妙 <b>变化</b> , 许添财<br>虽 表示 国民党 的 动 作 以 「","TW"
"变化/Na/CNA_CMN_20001118_wpr/50140",0.0325002667957025,0.0818840930568423,"变化","CNA","2000","的 沧海桑田 与 山 上 的 地 质 环境<br>与 <b>变化</b> 等 提出 研讨 。<br>县府 农业局 长张 明聪 表示 ,","TW"
"变化/Na/XIN_CMN_20010118_wpr/63871",-0.0425746333063116,0.024059620829843,"变化","XIN","2001","使 我们 的 生活 发生 了 翻 天 覆地<br>的 <b>变化</b> , 但 手 里 有<br>了 钱 , 心 里","ML"
"变化/Na/XIN_CMN_20010113_wpr/30817",-0.0535908318069344,0.0371649711198763,"变化","XIN","2001","农村 打工 者 的 价值观 念 正在 发生<br>着 鲜明 <b>变化</b> , “ 时间<br>就是 金钱 , 时间 就是 效率 ”","ML"
"变化/Na/ZBN_CMN_20030626_wpr/60607",-0.148092232728766,-0.0701360028734187,"变化","ZBN","2003","许多 年轻人 向往 。 但是 艾迪 说 ，<br>娱乐 事业 <b>变化</b> 无常 ，<br>他 过去 曾 连续 三四 个 月 没有","SG"
"变化/Na/XIN_CMN_20030830_wpr/7189",-0.0196543478943269,-0.00336755573942837,"变化","XIN","2003","利弊 得失 因素 交织 在 一 起 , 且<br>处于 <b>变化</b> 之中 , 很 难<br>简单 得 出 结论 。 至于","ML"
"改变/Na/CNA_CMN_20010127_wpr/22423",0.0146323041650434,-0.0188902338453988,"改变","CNA","2001","时 曾 表示 , 美国 不 同意 中共 或<br>台湾 <b>改变</b> 台海 现状 ,<br>如 果 任何 一 方促图 改变 现状","TW"
"改变/Na/ZBN_CMN_20030623_wpr/76046",0.00908155367672225,-0.00933497177474926,"改变","ZBN","2003","我们 的 优点 之 一 ， 就是 国人 愿意<br>作出 <b>改变</b> ， 而且 是 迅<br>速 的 改变 ， 以 适应","SG"
"变化/Na/XIN_CMN_20010109_wpr/77343",-0.0110358611131436,0.00231979805575311,"变化","XIN","2001","生活 , 应当 对 人类 活 动 引起 的<br>环境 <b>变化</b> 有 很 强 的<br>适应性 。 这些 鸟类 的 数量","ML"
"变化/Na/XIN_CMN_20030929_wpr/35998",-0.0418199334008,0.102577169814668,"变化","XIN","2003","北京 , 都 能 感受到 这 个 城市 的<br>巨大 <b>变化</b> ! ” 今年 是<br>北京 建都 850周年 以及 北京 明","ML"
"改变/Na/CNA_CMN_20001204_wpr/93336",0.00733204939926424,-0.0493981973181852,"改变","CNA","2000","总理 直选 制度 的 计划 , 他们 担心<br>如 有 <b>改变</b> 将 会 大幅<br>减少 这 两 个 党 在 国会","TW"
"变化/Na/ZBN_CMN_20030410_wpr/47675",0.00695497738897057,0.107164950333285,"变化","ZBN","2003","可 贺 。 革新 后 的 早报 最 显著<br>的 <b>变化</b> 是 加入 了 《<br>早报 中国 》 这 一 栏目","SG"
"变化/Na/XIN_CMN_20030916_wpr/2244",-0.0568242236893915,0.0709361976947601,"变化","XIN","2003","如果 2006年 瑞典 大选 导 致 议会<br>构成 发生 全新 <b>变化</b> ,<br>那时 欧元区 的 经济 又 有 好转 ,<br>再","ML"
"变化/Na/XIN_CMN_20030421_wpr/36546",0.0156396162031064,0.0299804021362264,"变化","XIN","2003","虑 明显 增加 。 其中 , 以 法美 关系<br>的 <b>变化</b> 最为 突出 。 由于<br>法国 坚决 反 对 美国 不","ML"
"改变/Na/CNA_CMN_20030715_wpr/8215",-0.0420367103327693,-0.10279366771201,"改变","CNA","2003","该 地区 的 角色 会 有 「 性质 」<br>的 <b>改变</b> 。 ( willtake<br>on a different character<br>) 他 把","TW"
"改变/Na/ZBN_CMN_20030620_wpr/61271",0.0113256140765278,-0.0243462605687926,"改变","ZBN","2003","年 ， 中国 一些 学者 发表 文章 ，<br>要求 政府 <b>改变</b> 对 日 政策<br>， 恰恰 迎合 了 一 些 日本人","SG"
"改变/Na/ZBN_CMN_20030924_wpr/45951",0.015058412771827,-0.0102317779373092,"改变","ZBN","2003","获利 同时 ， 这些 门户 网站 正在 非常<br>迅速 地 <b>改变</b> 中国 近 百<br>年 来 守旧 的 性 观念 。","SG"
"变化/Na/XIN_CMN_20030619_wpr/66562",0.0479298724232113,0.0278579507085388,"变化","XIN","2003","会议 委员会 的 专家 认为 , 先行 经济<br>指数 的 <b>变化</b> 表明 , 美国<br>国内 经济 开始 走向 复苏 , 但","ML"
"变化/Na/XIN_CMN_20001013_wpr/40647",-0.0134117232251369,0.0220192333735904,"变化","XIN","2000","队伍 的 思想 、 纪律 和 作风 发生<br>了 显著 <b>变化</b> , 队伍 的<br>凝 聚 力 、 战斗力 不断 增强","ML"
"变化/Na/XIN_CMN_20001030_wpr/19631",-0.0459814424594025,0.0020561439990353,"变化","XIN","2000","。 黄金雄 认为 , 内地 尤其 是 西部<br>地区 的 <b>变化</b> 太 大 了<br>, 发展 潜力 无穷 。 有 黄金","ML"
"改变/Na/XIN_CMN_20010117_wpr/61864",0.0665985132599484,-0.0399982638619662,"改变","XIN","2001",", 东经 101.1 度 。 澳 知名 人士<br>呼吁 政府 <b>改变</b> 对 伊拉克<br>政策 新华社 堪培拉 1月 17日 电 (<br>记者","ML"
"变化/Na/ZBN_CMN_20030415_wpr/69573",0.0136896208512746,0.0239697812470476,"变化","ZBN","2003","， 使 单亲家庭 的 数目 增加 了 。<br>社会 快速 <b>变化</b> ， 使得<br>父母 与 儿女 ， 甚至 夫妻 之间 的","SG"
"改变/Na/CNA_CMN_20001216_wpr/64963",0.0514527119472708,-0.0773817055648545,"改变","CNA","2000","原来 男女 合校 分班 , 实验 后 ,<br>校长 观念 <b>改变</b> , 改採<br>男女 合校 , 面对 二十一 世纪 是 两性","TW"
"改变/Na/ZBN_CMN_20030803_wpr/70729",0.00351678458366877,-0.00779413301060229,"改变","ZBN","2003","没有 意思 为了 要 调整 不同 种族 学生<br>比例 而 <b>改变</b> 分流 制度<br>。 相反 地 ， 他 认 为 正","SG"
"改变/Na/XIN_CMN_20030403_wpr/37733",-0.0856828861473322,-0.0171472442180725,"改变","XIN","2003","数 正常 或 降低 , 肺部 影像 学 显示<br>肺炎 <b>改变</b> 。 一般 感冒<br>病症 包括 发烧 , 咳嗽 , 头痛","ML"
"变化/Na/XIN_CMN_20001006_wpr/55441",-0.00147404340410065,0.0192009316406597,"变化","XIN","2000","进一步 得到 改善 ; 汽车 消费 市场<br>结构 发生 重大 <b>变化</b> ,<br>个人 购 车 明显 增加 ; 汽车 企业<br>竞争","ML"
"变化/Na/CNA_CMN_20001028_wpr/93561",-0.0911853581038559,0.0776328783874489,"变化","CNA","2000","总的来说 , 二 十一世纪 资讯 教育 会<br>产生 这 许多 <b>变化</b> , 未来<br>方向 如何 仍 没有 人 知道 , 台湾","TW"
"改变/Na/CNA_CMN_20001227_wpr/61296",0.0519154820786515,0.0296715843908542,"改变","CNA","2000","良多 。 陈 总统 说 , 近年 受到 产业<br>结构 <b>改变</b> 、 地价 上涨<br>、 市 场 供需 及 区位 均衡","TW"
"变化/Na/XIN_CMN_20030530_wpr/2104",-0.00961750117220594,0.010396006560152,"变化","XIN","2003","竞赛 活动 日趋 频繁 , 导致 传统 训练<br>观念 发生 <b>变化</b> 。 1 、<br>竞赛制 度 、 方式 和 格局 发生","ML"
"改变/Na/XIN_CMN_20030525_wpr/40516",0.0713508358798531,-0.0449613009865998,"改变","XIN","2003","的 第47 届 世界 乒乓球 锦标赛 上<br>, 面对 规则 <b>改变</b> 的 新<br>情况 , 你们 齐心 协力 、 不 畏","ML"
"变化/Na/XIN_CMN_20030919_wpr/67093",0.0114672947716025,-0.0090684597955309,"变化","XIN","2003",", 中国 的 干部 政绩 考核 体系 也<br>正在 酝酿 <b>变化</b> 。 国家<br>有关 部门 正 考虑 增加 一些 新 的","ML"
"变化/Na/XIN_CMN_20001119_wpr/1508",-0.0731291536950859,0.0910186784999553,"变化","XIN","2000","称赞 , 认 为 山东队 是 本 赛季 联赛<br>中 <b>变化</b> 最 大 的 球队<br>。 火 牛队 外籍主 教练 利马斯","ML"
"改变/Na/ZBN_CMN_20030724_wpr/74601",-0.093043975732431,-0.0233506207138559,"改变","ZBN","2003","， 根据 服务 年限 赔偿 的 方程式 应<br>该 不会 <b>改变</b> 。 然而 ，<br>由于 工友 日后 不 大 可能 在","SG"
"变化/Na/XIN_CMN_20001218_wpr/10651",0.0752469471742092,0.0158729841554836,"变化","XIN","2000","技术 法规 、 标准 、 合 格 评定 程序<br>等 <b>变化</b> 发展 趋向 , 建立<br>相关 数据库 , 努力 打破 发达","ML"
"改变/Na/XIN_CMN_20010120_wpr/57508",-0.01333773877819,-0.0527462888326812,"改变","XIN","2001",", 而是 为 人民 服务 的 。 湖北 公安<br>机关 <b>改变</b> 以前 那 种 居高临下<br>的 工作 方式 , 推出 了","ML"
"变化/Na/XIN_CMN_20030504_wpr/58708",0.0547981919670312,0.0379282155292853,"变化","XIN","2003","“ 叙利亚 是否 准备 在 ( 中东 )<br>形 势 <b>变化</b> 以后 朝 一<br>个 新 的 方向 前进 ” 。","ML"
"变化/Na/CNA_CMN_20001214_wpr/49451",-0.0243930581669511,0.000539560226701511,"变化","CNA","2000","是 美国 对 两岸 的 经贸 政策会 有<br>多 大 <b>变化</b> 。 891214<br>美国 公佈 贸易 协定 最终 行动 纲领<br>贸易","TW"
"变化/Na/ZBN_CMN_20030606_wpr/53661",0.0151250117443283,0.0206142816033527,"变化","ZBN","2003","体育馆 和 一 座 室 外 体育场 。 随着<br>人口 <b>变化</b> 居住 环境 改变<br>， 公寓 也 到处 可见 。 而","SG"
"变化/Na/XIN_CMN_20001211_wpr/25357",0.00769552521601056,0.0185037962363779,"变化","XIN","2000","短缺 状况 基本 结束 , 市场 供求 关系<br>发生 重大 <b>变化</b> ; 社 会<br>主义 市场 经济体制 初步 建立 , 市场","ML"
"变化/Na/ZBN_CMN_20030603_wpr/43328",0.0565339264522703,-0.03205036273218,"变化","ZBN","2003","克森 与 美孚 合并 等 ， 中油 要因<br>应 国际 <b>变化</b> ， 希望 引进<br>策略 投资人 ， 带进 新 经营 观念","SG"
"变化/Na/XIN_CMN_20030710_wpr/78658",-0.0286461936962423,0.101422586091438,"变化","XIN","2003","带电 微粒 引发 地球 磁场 强度 、 方向<br>的 剧烈 <b>变化</b> 。 据 俄<br>《 科学 信息 》 杂志 近 日报","ML"
"变化/Na/XIN_CMN_20001110_wpr/33350",0.0255789272027689,0.0898867248935313,"变化","XIN","2000","认为 , 欧洲 现在 起 就 应该 做好<br>应对 气候 <b>变化</b> 的 准备工<br>作 , 包括 加强 地下水 资源 , 生物多样性","ML"
"变化/Na/CNA_CMN_20001204_wpr/86743",-0.106796606504297,0.0179865371611549,"变化","CNA","2000","曾 在 两 年 多 前来 台湾 , 如今<br>造型 <b>变化</b> 之 大 , 加上<br>音 乐曲 风 的 转变 ,","TW"
"变化/Na/XIN_CMN_20030717_wpr/49123",-0.0462505113137904,0.048873243809278,"变化","XIN","2003","果 国际 社会 参与 维护 伊拉克 稳定<br>的 形式 发生 <b>变化</b> , 并且<br>这 一 行动 是 在 联合国 领导 和","ML"
"变化/Na/CNA_CMN_20001027_wpr/120422",0.0221612899242819,0.0116621671237849,"变化","CNA","2000","与 台湾 的 情形 一样 , 这 只是 角色<br>的 <b>变化</b> , 也 是 必然<br>的 趋势 。 贝瑞特 指出 ,","TW"
"改变/Na/CNA_CMN_20010104_wpr/35164",0.0998635419446494,-0.0739257746553912,"改变","CNA","2001","但 长期 就 不一定 , 届时 保育课 会<br>适当 地 <b>改变</b> 保育区 栖地<br>型态 , 驱走 高跷 ( 行鸟 ) 。","TW"
"变化/Na/CNA_CMN_20010113_wpr/13654",0.0722385865408992,0.044010006752979,"变化","CNA","2001","是 为了 适应 国际 市场 美元 和 港币<br>的 利率 <b>变化</b> 。 今后 ,<br>大陆 的 银行业 协会 还 会 针对","TW"
"变化/Na/XIN_CMN_20001013_wpr/16350",-0.0147585043427034,0.0207413353646007,"变化","XIN","2000","以及 地区 和 国际 形势 都 发生 了<br>很 大 <b>变化</b> , 但 中 日<br>友好 的 大局 不能 变 ,","ML"
"变化/Na/XIN_CMN_20001102_wpr/73103",-0.0207951434579537,0.0235906550195871,"变化","XIN","2000","等 问题 。 会议 认为 , 南 联盟 政局<br>发生 <b>变化</b> 以来 , 尽管<br>出现 了 一些 消极 现象 , 但","ML"
"改变/Na/ZBN_CMN_20030806_wpr/46577",0.0252637108557142,-0.000705277085965541,"改变","ZBN","2003","民 进 党 的 中央 执政 优势 并 不<br>足以 <b>改变</b> 蓝 胜于 绿 的<br>选民 结构 ， 也 无法 扭","SG"
"变化/Na/XIN_CMN_20030722_wpr/75370",0.0213660010812937,0.0225941027267769,"变化","XIN","2003","反映 了 上海 旅游 市场 中 客户 构成<br>比例 的 <b>变化</b> 。 在 普通<br>旅游团队 、 商务 散客 和 商务团 队","ML"
"变化/Na/XIN_CMN_20030706_wpr/8688",-0.0114185951996332,0.0290935900861451,"变化","XIN","2003","水质 监测 情况 表明 , 水库 水质 尚未<br>发生 明显 <b>变化</b> 。 环 保<br>人员 将 进一步 加强 对 整 个","ML"
"变化/Na/ZBN_CMN_20001222_wpr/24457",-0.0496979306195668,-0.0831526216461111,"变化","ZBN","2000","者 一 副 岸然道貌 ， 完全 不 容许<br>些许 的 <b>变化</b> ， 难保 不会<br>吓跑 想 学 或 想 深入 学习","SG"
"变化/Na/XIN_CMN_20030715_wpr/8497",-0.134885440465636,-0.0267220375200592,"变化","XIN","2003",", 与 大片 的 草坪 鲜花 相 辉映 。<br>这些 <b>变化</b> 都 是 大连 为<br>迎接 第5 届 亚欧 经济部长 会议","ML"
"变化/Na/XIN_CMN_20010122_wpr/13383",-0.102137023820804,0.0912619047480916,"变化","XIN","2001","点头 。 在 回答 如何 看待 中国 所<br>发生 的 <b>变化</b> 的 问题 时<br>, 安南 说 : “ 我 认为","ML"
"变化/Na/XIN_CMN_20010113_wpr/36073",0.0275824030740116,0.0157484735654375,"变化","XIN","2001","鹏 在 会见 时 说 , 在 国际 形势<br>不断 <b>变化</b> 和 发展 的 今天<br>, 特别 是 在 政治 多","ML"
"变化/Na/CNA_CMN_20001018_wpr/43104",0.0321759636913642,-0.0028335147550884,"变化","CNA","2000","九十年度 预算 时 , 给予 交 通 部<br>视 市场 <b>变化</b> 弹性 调整<br>释股 方式 和 比例 的 机制 , 以","TW"
"变化/Na/ZBN_CMN_20001006_wpr/532",0.0298152067434441,0.00726002776368413,"变化","ZBN","2000","。 然而 ， 随着 两岸 政治 和 经济体制<br>的 发展 <b>变化</b> ， 这 一<br>说法 也 有 着 凸显 ， 甚至","SG"
"改变/Na/CNA_CMN_20001106_wpr/66352",-0.0968819247164767,-0.184786704816315,"改变","CNA","2000","全球 影坛 的 「 厄夜 丛林 」 , 由于<br>续集 <b>改变</b> 拍摄 手法 、<br>全面 更换 演员 班底 , 自 万圣节","TW"
"变化/Na/XIN_CMN_20030929_wpr/63905",-0.0179621294754914,0.0406513123329497,"变化","XIN","2003","俄罗斯 在 这 一 问题 上 的 立场 发生<br>了 <b>变化</b> 。 在 29 日<br>开幕 的 世界 气候 变化 大会","ML"
"变化/Na/XIN_CMN_20030929_wpr/75803",0.0157323394262971,0.0671707308575695,"变化","XIN","2003","态度 。 然而 普京 总统 29 日 在<br>世界 气候 <b>变化</b> 大会 开幕式<br>上 的 讲话 表明 , 俄 并 不","ML"
"变化/Na/ZBN_CMN_20030902_wpr/31157",0.0376030761519714,0.0625724565248468,"变化","ZBN","2003","前 才 酝酿 ， 这 个 养老金 制度 的<br>大 <b>变化</b> ， 基本 上 反映出<br>新加坡 政府 办事 的 高 效率","SG"
"变化/Na/XIN_CMN_20030619_wpr/5309",-0.0538292042827249,0.0135377094415759,"变化","XIN","2003","大小 的 物体 , 这 为 了解 和 追踪<br>森林 <b>变化</b> 、 土地 使用<br>情况 、 自然 文化 遗产 保护 情况","ML"
"变化/Na/XIN_CMN_20001202_wpr/52350",-0.0090840330267818,0.0102900285700111,"变化","XIN","2000","特点 是 随 磁场 的 变化 产生 精确<br>的 长度 <b>变化</b> 。 这些 基本<br>特征 应用 于 计算机 打印器 、 磁带","ML"
"变化/Na/ZBN_CMN_20030708_wpr/18342",-0.0333392451800199,0.00596898025498498,"变化","ZBN","2003","， 去 了 一 趟 狮城 大厦 ， 才 发现<br><b>变化</b> 真的 很 大 。 以前<br>这 里 冷冷清清 ， 门可罗雀","SG"
"变化/Na/XIN_CMN_20030715_wpr/34610",0.017597998552877,0.0579612673869963,"变化","XIN","2003","防洪 工作 切 不可 放松 大意 。 由于<br>天气 形势 <b>变化</b> 复杂 ,<br>一旦 有 强 降水 , 水位 可能 会","ML"
"变化/Na/ZBN_CMN_20010106_wpr/21269",-0.0205180081999523,0.00638728190934697,"变化","ZBN","2001","与 学 的 情况 已 起 了 很 大 的<br><b>变化</b> ， 老师 已 不仅仅<br>是 知 识 的 传播 者","SG"
"变化/Na/XIN_CMN_20030529_wpr/48408",0.0551157813609367,0.0597818634621188,"变化","XIN","2003","洁净 的 发电 、 运输 燃料 。 《 联合国<br>气候 <b>变化</b> 框架 公约 》<br>于 1992年 通过 , 《 京都议定书<br>》","ML"
"改变/Na/XIN_CMN_20030803_wpr/46285",-0.0172027505276919,-0.00800050177423802,"改变","XIN","2003","表明 , 给 母体 追加 营养 元素 可以<br>持 久 <b>改变</b> 后代 的 基因<br>表达 , 而 不 改变 基因 本身","ML"
"变化/Na/ZBN_CMN_20030621_wpr/38245",0.00870490747324618,-0.118621827558606,"变化","ZBN","2003","而 生变 化 。 尽管 各 地 方言 本身<br>自有 <b>变化</b> ， 但 南腔北调<br>的 差异 依然如故 。 这 与 旧","SG"
"变化/Na/XIN_CMN_20030724_wpr/4281",0.00203805426514249,0.0198085928120201,"变化","XIN","2003",", 世界 和 亚欧 国家 经济 形势 发生<br>了 深刻 <b>变化</b> , 亚欧 会议<br>成员 如何 携手 共进 , 应对 挑战","ML"
"改变/Na/CNA_CMN_20001021_wpr/58730",0.0321930327546261,-0.0390634383278251,"改变","CNA","2000","的 困扰 , 在 工商团 体 压力 下 ,<br>劳委会 <b>改变</b> 不 配套 立场<br>, 主张 将 变形 工时 范 围","TW"
"改变/Na/CNA_CMN_20001228_wpr/45927",0.0738728037710831,0.100266500384563,"改变","CNA","2000","表示 , 由于 指数 下跌 趋势 仍 未<br>明 显 <b>改变</b> , 加上 下<br>星期 涨 跌幅 将 恢复 原先 的","TW"
"改变/Na/CNA_CMN_20030417_wpr/11239",0.0104450870394191,-0.00361659858628628,"改变","CNA","2003","建议 的 未来 对 台 政策 各 种 可能<br>的 <b>改变</b> 方向 ， 以及 华府<br>可能 的 因 应对 策 。","TW"
"变化/Na/ZBN_CMN_20001126_wpr/1077",0.0604851033859679,0.0573302483105522,"变化","ZBN","2000","延迟 一 天 荷兰 海牙 综合 电 联合国<br>《 气候 <b>变化</b> 框架 公约<br>》 第六 次 缔约 方 大会 原定 于","SG"
"变化/Na/CNA_CMN_20010130_wpr/96420",-0.000152507959560036,0.0241842145451945,"变化","CNA","2001","现状 。 民众 的 统独 立 场 并 没有<br>明显 <b>变化</b> , 但 选 后<br>主张 「 永远 维持 现状 」","TW"
"变化/Na/CNA_CMN_20001114_wpr/82672",-0.014629066159936,0.0225360495629255,"变化","CNA","2000","的 户外 休闲 活动 , 但 山区 天候<br>和 环境 <b>变化</b> 很 大 ,<br>且 有 相当 的 危险性 , 因此","TW"
"变化/Na/XIN_CMN_20030918_wpr/80730",-0.0123168798125545,0.0286904479680799,"变化","XIN","2003","的 增长 速度 。 北京市 消费 结构 也<br>发生 了 <b>变化</b> 。 北京市<br>统计局 统计 显示 , 1 - 8月 份","ML"
"变化/Na/XIN_CMN_20001015_wpr/54373",-0.0150076261663033,0.0376279897455977,"变化","XIN","2000",", 全面 了解 我国 10 年 就业 结构<br>发生 的 <b>变化</b> , 经 济<br>活动 人口 的 状况 , 对于 更加","ML"
"改变/Na/ZBN_CMN_20001113_wpr/32446",0.00128508548006425,-0.0393501816740639,"改变","ZBN","2000","更 公平 地 选出 主办 城市 ， 亚洲<br>奥理会 决定 <b>改变</b> 以往 的<br>投票 方式 。 以往 的 亚运会 主办 城市","SG"
"改变/Na/ZBN_CMN_20030504_wpr/93676",0.0132935850192833,-0.0435678075437593,"改变","ZBN","2003","不少 人 指 出 ， 教导 国民教育 的<br>方式 需要 <b>改变</b> 。 张 赞成<br>是 总理 公署 常任 秘书 。 他","SG"
"改变/Na/CNA_CMN_20001126_wpr/6831",0.0666956220437239,-0.0627987086313436,"改变","CNA","2000","指出 , 欧元 经济区 将 继续 依照 欧洲<br>统合 不可 <b>改变</b> 的 时程<br>继续 推展 下去 。 这 项 公投 被","TW"
"变化/Na/XIN_CMN_20010113_wpr/11364",-0.0444623788364265,0.0157777166037032,"变化","XIN","2001","过去 的 10 年 里 印度 发生 了 什么样<br>的 <b>变化</b> ? 给 您 留 下<br>了 什么 印象 ? 答","ML"
"改变/Na/ZBN_CMN_20030818_wpr/8324",-0.0179199254490879,-0.0199222383129199,"改变","ZBN","2003","对症下药 ， 情况 总 能 改变 一二 。<br>吃素 可以 <b>改变</b> 很多 东西<br>， 但 只 知道 理头 吃素 ， 而","SG"
"改变/Na/CNA_CMN_20030612_wpr/5061",0.00872025179615421,-0.15516396514695,"改变","CNA","2003","， 永远 永 远 。 时代 在 进步 ，<br>社会 <b>改变</b> ， 是非 善恶<br>充满 人间 ， 奉劝 世间 客家人 ，","TW"
"变化/Na/XIN_CMN_20010105_wpr/8158",-0.033626937244252,0.073323628359167,"变化","XIN","2001",", 多数 队 实力 有所 增加 , 使 格局<br>发生 <b>变化</b> 。 第 一 阶段<br>66 场 比赛 后 , 许多","ML"
"变化/Na/XIN_CMN_20001031_wpr/47816",0.0356219849834141,0.0304856813403335,"变化","XIN","2000","。 近 几 年 , 随着 经济 转型 和<br>市场 <b>变化</b> , 鸡西 市 从<br>以 土地 和 煤炭 资源 开发为","ML"
"改变/Na/CNA_CMN_20030524_wpr/11691",0.151805924268022,-0.015295549955063,"改变","CNA","2003","况且 台湾 民主 愈趋 成熟 ， 民粹 空间<br>已 不足 <b>改变</b> 政治 基本<br>盘面 ， 他 怀疑 这 个 算盘 能够","TW"
"改变/Na/ZBN_CMN_20030715_wpr/16155",-0.0566261576800635,-0.00454408908176555,"改变","ZBN","2003","和 劳尔 等等 ， 他们 都 有 足够 的<br>实力 <b>改变</b> 整 场 比赛 ，<br>但 是 他们 却 都 服从","SG"
"改变/Na/ZBN_CMN_20030607_wpr/37199",0.0139794212333056,-0.0607120713481047,"改变","ZBN","2003","多 了 一 层 危机感 ， 也 迫使 自己<br>作出 <b>改变</b> ， 看 得 远<br>点 想 得 透彻 点 。","SG"
"变化/Na/CNA_CMN_20010105_wpr/135434",-0.0786562496532388,0.0665885432866064,"变化","CNA","2001","。 由 一九七四 到 一九八四年 间 ,<br>儿童 的 体重 <b>变化</b> 不 大<br>, 但是 其后 英格兰 体重 过重 男童<br>的","TW"
"变化/Na/XIN_CMN_20001009_wpr/80120",0.00751663494556021,0.0150004242291645,"变化","XIN","2000","客户 为 中心 , 做到 产品 随着 客户<br>需求 的 <b>变化</b> 而 变化 。<br>他们 及时 抓住 国际 市场 板卷 需求","ML"
"改变/Na/XIN_CMN_20030421_wpr/78189",-0.0323168800796706,-0.0562447603873237,"改变","XIN","2003","规定 , 航班 取消 、 提前 、 延误<br>、 航班 <b>改变</b> 或 承运人<br>不能 提供 原定 座位 时 , 旅客 要求","ML"
"变化/Na/ZBN_CMN_20030824_wpr/5133",-0.0224825470413391,0.0746316419757319,"变化","ZBN","2003","得多 ！ 就 图论市 ， 道琼斯指数 走势<br>的 每 周 <b>变化</b> 最 大 ，<br>不过 它 的 熊市 结束 得 最早","SG"
"变化/Na/XIN_CMN_20030812_wpr/39852",-0.0110121534620915,0.0506062322460929,"变化","XIN","2003","民 营 企业 比例 更 高 。 一旦 市场<br>发生 <b>变化</b> , 钢材 价格<br>下降 , 经济 效益 恶 化 ,","ML"
"改变/Na/CNA_CMN_20001103_wpr/33446",-0.00320771800061401,-0.0118718153319547,"改变","CNA","2000","竞争 压力 愈来愈 大 , 为了 抢下 市场<br>, 业者 <b>改变</b> 传统 行销<br>手法 , 走 另 类 方式 扩张 通路","TW"
"变化/Na/XIN_CMN_20010120_wpr/29284",0.162217583485325,0.0234725551156845,"变化","XIN","2001","当 天 辞职 的 埃斯特拉达 。 以下 是<br>菲律宾 政局 <b>变化</b> 大事记<br>: 2000年 10月 9日 南伊罗戈 省<br>省长 路易斯 .","ML"
"变化/Na/ZBN_CMN_20001019_wpr/35560",-0.00280950849485171,0.0378814748060047,"变化","ZBN","2000","北京 来 ， 发现 北京 又 有 了 新<br>的 <b>变化</b> 和 进步 ， 而且<br>都 是 好 的 变化 。","SG"
"变化/Na/XIN_CMN_20030709_wpr/4050",-0.0470010350832503,0.0109066975315618,"变化","XIN","2003","报告 还 指出 , 全球 小型 武器 生产<br>总量 没有 <b>变化</b> , 共 6.39<br>亿 件 , 总 值 保持 在","ML"
"改变/Na/CNA_CMN_20001121_wpr/37109",-0.0208756432776621,-0.0916519873447993,"改变","CNA","2000","批评 。 稍早 曾 有 报导 指出 , 中共<br>将 <b>改变</b> 以往 手机 双向<br>收费 的 办法 。 但 上述 报导","TW"
"变化/Na/XIN_CMN_20030721_wpr/35217",0.0954204497376352,0.0491094616903841,"变化","XIN","2003",", 各 级 团 组织 积极 适应 这 一<br>新 <b>变化</b> , 大力 加强 非公有制<br>经济组织 团 的 建设 , 非公有制","ML"
"改变/Na/XIN_CMN_20001122_wpr/35520",0.153142784507654,-0.000145906342540011,"改变","XIN","2000","中小 水电 及 农村 电气化 事业 的 发展<br>, 对 <b>改变</b> 老少边穷 地区<br>的 落后 面貌 , 促进 当地 经济 发展","ML"
"变化/Na/XIN_CMN_20010108_wpr/64236",0.268195171148856,0.102262392681944,"变化","XIN","2001","升到 日 均 1.15 亿 桶 。 对于<br>这 一 <b>变化</b> , 中东 地区<br>欧佩克 成员 国有 足够 的 生产 能力","ML"
"改变/Na/ZBN_CMN_20030408_wpr/15121",0.0395008211889197,-0.089684431275147,"改变","ZBN","2003","法 的 裁判 进行 某 种 授意 。 要不是<br>裁判 <b>改变</b> 比赛 的 平衡<br>， 曼联 不可能 这么 轻易 取胜 。","SG"
"改变/Na/XIN_CMN_20030624_wpr/29353",-0.000867127975340025,-0.0702082974094151,"改变","XIN","2003","自我 保护 意识 , 引导 居民 坚持 自测<br>体温 , <b>改变</b> 随地 吐痰<br>, 乱 扔 垃圾 等 不 文明 习惯","ML"
"改变/Na/ZBN_CMN_20030818_wpr/81258",-0.0135403464248602,-0.0153782983349399,"改变","ZBN","2003","只 容许 一 次 过完 成 ， 没有 油画<br>不断 <b>改变</b> 的 可 能 性<br>存在 ， 因此 ， 毁掉 的","SG"
"变化/Na/CNA_CMN_20010129_wpr/77271",-0.00835268858061509,0.0145662340645278,"变化","CNA","2001","核四 的 立场 没 有 改变 , 除非 出现<br>重大 <b>变化</b> , 否则 民进党<br>一定 会 坚持 反 核 立场 。","TW"
"变化/Na/CNA_CMN_20001215_wpr/139091",-0.0856286355820747,0.230938007268571,"变化","CNA","2000","在 内政 和 外交 上 并 未 造成 剧烈<br>的 <b>变化</b> , 因此 今后 的<br>新政权 也 可望 如此 , 但","TW"
"变化/Na/XIN_CMN_20001002_wpr/16441",-0.067244201920304,0.0400312824990486,"变化","XIN","2000","有 可能 使 许多 人 的 工 作 方式<br>发生 <b>变化</b> , 那些 在 家庭<br>中 就 可以 办公 的 人","ML"
"变化/Na/XIN_CMN_20001208_wpr/32594",0.0170191831908573,0.0897938709495016,"变化","XIN","2000","三中全会 以后 北京 在 各 方 面呈 现出<br>的 巨大 <b>变化</b> 。 “ 走向<br>辉煌 ” 以 现实 和 历史 对比","ML"
"变化/Na/ZBN_CMN_20030623_wpr/25938",0.00882424971099163,0.0334986375694696,"变化","ZBN","2003","的 影响 外 ， 环球 航空业 目前 正在<br>经历 结构性 <b>变化</b> ， 美国<br>和 欧洲 的 航空 公司 都 推出 更","SG"
"改变/Na/XIN_CMN_20030619_wpr/41750",-0.0194642702891424,-0.0611452925866558,"改变","XIN","2003","临 时 移 至 美国 举行 。 虽然 举办<br>地 <b>改变</b> , 中国队 自动<br>获得 参赛权 的 资格 没有 改变 。","ML"
"改变/Na/ZBN_CMN_20030902_wpr/30710",-0.0443961309531689,-0.0880644845107044,"改变","ZBN","2003","公积金 削减 计划 宣布 后 ， 许多 年轻人<br>表示 将 <b>改变</b> 购买 房屋<br>或者 是 结婚 的 计划 ， 或者 是","SG"
"改变/Na/ZBN_CMN_20030619_wpr/34907",0.00417882186922177,-0.117704179801717,"改变","ZBN","2003","尚 早 。 市场 人士 估计 ， 盈拓 刚<br>宣布 <b>改变</b> 电盈 的 入账<br>方式 ， 是 苏泽光 答允 加 盟","SG"
"变化/Na/XIN_CMN_20030910_wpr/22054",-0.016693238460039,0.00456597336308995,"变化","XIN","2003","” 政策 使 他们 的 生活 发生 了 很<br>大 <b>变化</b> : 腰包 鼓 了<br>, 文化 高 了 , 寿命","ML"
"变化/Na/ZBN_CMN_20030906_wpr/113149",-0.00768959783107159,0.0163603287210795,"变化","ZBN","2003","新 的 成长 空间 。 在 语文 生态 明显<br>发生 <b>变化</b> 的 新 时代 ，<br>尽管 争取 年轻 读者 的 工作","SG"
"改变/Na/XIN_CMN_20030710_wpr/22162",0.0620908075460746,0.066770085482056,"改变","XIN","2003",", 增 速 比 5月 提高 3.2 个 百分点<br>, <b>改变</b> 了4 、 5月 份<br>受 非典 等 因素 影 响","ML"
"变化/Na/XIN_CMN_20010114_wpr/52012",-0.0171860824772173,0.00632540692289119,"变化","XIN","2001","来 , 俄罗斯 发生 了 人们 期待 已<br>久 的 <b>变化</b> , 金融 寡头<br>干 预 政治 的 时代 已 成为","ML"
"变化/Na/ZBN_CMN_20030809_wpr/2871",-0.107186697818074,0.0261519790910293,"变化","ZBN","2003","仍然 保留 ， 基地 所属 的 舰艇 支队<br>没 有 <b>变化</b> 。 有关 人士<br>认为 ， 撤掉 了 基地 ， 只是","SG"
"变化/Na/XIN_CMN_20030830_wpr/8575",-0.00685203262410941,0.0775140553788651,"变化","XIN","2003","被 茂密 , 生存 着 众多 古生物 。<br>经 地质 <b>变化</b> , 湖泊 变成<br>了 盆地 , 埋藏 着 丰富 的","ML"
"变化/Na/XIN_CMN_20030425_wpr/57622",-0.00908987996966978,0.00791489312815555,"变化","XIN","2003","的 支援 下 , 经济 社会 发生 了 很<br>大 <b>变化</b> , 西藏 与 内地<br>的 交往 空前 密切 , 藏","ML"
"改变/Na/ZBN_CMN_20030806_wpr/46176",-0.0144304077328885,0.00918300742419295,"改变","ZBN","2003","一直 更改 居住 环境 ， 因为 每 一<br>次 的 <b>改变</b> ， 都 会 加剧<br>病人 的 恐惧感 ， 病情 就","SG"
"变化/Na/XIN_CMN_20030430_wpr/53554",-0.0505551411704568,0.0460802466716543,"变化","XIN","2003","将 使 国际 力量 的 组合 发生 出乎<br>预料 的 <b>变化</b> 。 他 说<br>, 必须 重新 全面 审视 和 检讨","ML"
"变化/Na/CNA_CMN_20010104_wpr/95182",0.135614410974915,-0.066485533949645,"变化","CNA","2001",", 国训 中心 的 组 织 架构 也 将<br>有所 <b>变化</b> 。 国训 中心<br>主任 林德嘉 今天 率领 两 位 新任","TW"
"变化/Na/XIN_CMN_20001009_wpr/31958",-0.0253666134780822,0.0100638552117785,"变化","XIN","2000","来 , 广大 群众 的 婚育 观念 发生<br>了 深刻 <b>变化</b> 。 1999年<br>, 全省 女性 初 婚 晚婚率 达到 了","ML"
"变化/Na/XIN_CMN_20001215_wpr/46035",-0.0215224173823075,0.000312639025041873,"变化","XIN","2000","健身 的 理 解 也 有 了 很 大 的<br><b>变化</b> , 他们 认为 体育<br>健身 是 追求 生活 高质 量","ML"
"变化/Na/XIN_CMN_20001210_wpr/18258",0.025394234117442,0.0297361093487092,"变化","XIN","2000","政治 经济 形势 , 特别 是 侨 乡 的<br>巨大 <b>变化</b> 后 , 希望 广大<br>旅哥 侨胞 在 为 哥斯达黎加 经济","ML"
"改变/Na/ZBN_CMN_20030721_wpr/34219",0.193943090373882,0.0897431644573851,"改变","ZBN","2003","分别 在 盛港 和 大巴窑 开业 。 劳工<br>来源地 的 <b>改变</b> ， 也 直接<br>影响到 咖啡店 的 消费 ， 一 位在","SG"
"改变/Na/XIN_CMN_20010104_wpr/37899",-0.00768890083278544,-0.00657574867644947,"改变","XIN","2001","指望 美 联储 一 次 降息 行动 就 会<br>迅速 <b>改变</b> 一切 , 但是<br>可以 预见 , 美 联储 降 低","ML"
"改变/Na/ZBN_CMN_20030607_wpr/29217",0.0324327575794768,-0.0320985137799828,"改变","ZBN","2003","求 斯 注册 公 司 在 税务 政策 上<br>的 <b>改变</b> 。 否则 会 弄巧成拙<br>， 付出 的 税款 会 更多","SG"
"变化/Na/XIN_CMN_20001212_wpr/90970",0.0652396593770992,0.0247633749281806,"变化","XIN","2000","冷战 结束 后 , 欧盟 抓 住 地缘 政治<br>形势 <b>变化</b> 的 有利 时机<br>, 有 计划 、 有 步骤 地","ML"
"变化/Na/CNA_CMN_20030813_wpr/659",0.0930388425060221,-0.000197324161536137,"变化","CNA","2003","主流 民意 ， 这 都 是 两岸 关系 动态<br>的 <b>变化</b> 。 陈水扁 强调<br>， 一 边 一 国 就是 民进党","TW"
"变化/Na/CNA_CMN_20001228_wpr/155475",-0.00481976937144674,0.0239008968085109,"变化","CNA","2000","意义 , 显示 大陆 经济 正 准 备 发生<br>重大 <b>变化</b> , 甚至 会 影响到<br>政治 层面 。 纽约时报 发自 上海","TW"
"变化/Na/ZBN_CMN_20030715_wpr/63368",-0.0348244308530508,-0.0434554439896364,"变化","ZBN","2003","， 而 我 本身 又 想 在 工作 上 追求<br><b>变化</b> ， 趁 年轻 的 时候<br>多 尝试 不同 的 行业","SG"
"改变/Na/XIN_CMN_20030825_wpr/33473",0.0150022078434208,-0.0497546546325539,"改变","XIN","2003","行动 都 是 非法 和 无效 的 , 丝毫<br>不能 <b>改变</b> 钓鱼岛 是 中国<br>固有 领土 这 一 基本 事实 。","ML"
"变化/Na/CNA_CMN_20001125_wpr/95750",0.0190976290186635,0.0783479895325516,"变化","CNA","2000","趋势 , 后世 子孙 可能 面临 世界 气候<br>的 灾难性 <b>变化</b> 。 环保<br>团体 对 今天 谈判 以 失败 收场 表示","TW"
"改变/Na/ZBN_CMN_20030411_wpr/52635",0.0635616340497659,-0.0162463503574228,"改变","ZBN","2003","快 ， 其 排列 就 越 整齐 。 然后<br>通过 <b>改变</b> 液流 的 方向<br>使 另 一 组 纳米线 排列 在","SG"
"变化/Na/CNA_CMN_20010118_wpr/17243",-0.0139778632101531,0.112168515138141,"变化","CNA","2001","特别 唿吁 登山 的 游客 , 务必 注意<br>气候 的 <b>变化</b> 。 国军 海鸥<br>部队 今天 清晨 七时 三十七分 接到 求救","TW"
"变化/Na/XIN_CMN_20030709_wpr/60117",-0.0147047974162214,0.0269868173683721,"变化","XIN","2003","报告 认为 , 阿尔及利亚人 的 生活 环境<br>和 习惯 发生 <b>变化</b> , 以及<br>吸烟 人数 的 增多 是 造成 癌症 大幅度","ML"
"变化/Na/XIN_CMN_20030804_wpr/473",0.0246183672632471,0.007774138285633,"变化","XIN","2003","经济全球化 和 网络化 的 发展 , 快速<br>掌握 应对 社会 <b>变化</b> 的<br>知识 已 刻不容缓 。 在 传统 教育 方法<br>无法","ML"
"改变/Na/ZBN_CMN_20030926_wpr/79096",-0.025885411886904,-0.0916502519260698,"改变","ZBN","2003","现 为 基准 的 方式 发出 合同 。 这<br>项 <b>改变</b> 将 在 接下来 三<br>年 ， 每 年 为 民航","SG"
"改变/Na/CNA_CMN_20001003_wpr/90814",0.00472477513510999,-0.0575242290925082,"改变","CNA","2000","在 资源物 中 夹带 垃圾 省钱 的 作法<br>, 决定 <b>改变</b> 过去 资源物<br>只要 一 大 包 丢入 回收 车 就","TW"
"变化/Na/ZBN_CMN_20030921_wpr/61110",-0.0292912025623048,0.077868806568873,"变化","ZBN","2003","。 基普拉松 表示 ， 果岭 的 地形 复杂<br>， 起伏 <b>变化</b> 大 ， 不<br>容易 控制 ， 能 以 优过 标准杆","SG"
"变化/Na/XIN_CMN_20001009_wpr/80047",0.0278411119782354,0.0164724036837716,"变化","XIN","2000","10月 9日电 ( 王忠奇郭君 ) 鞍钢<br>国贸 公司 面对 不断 <b>变化</b><br>的 国际 市场 , 积极 参与 竞争 ,<br>树 鞍钢","ML"
"改变/Na/XIN_CMN_20010110_wpr/16116",0.46307281597087,-0.0191508880241394,"改变","XIN","2001","创造 性 的 球员 , 他 的 加盟 将<br>有助于 <b>改变</b> 穆勒 转会 沙尔克<br>04 队 后 多特蒙德队 中场 力量 相对","ML"
"变化/Na/XIN_CMN_20030531_wpr/10641",0.010997494509949,0.0838365796227479,"变化","XIN","2003","家 。 蔡赴朝 介绍 说 , 根据 北京<br>疫情 的 <b>变化</b> , 5月 27日<br>, 北京 防治 非典 型 肺炎 联合","ML"
"改变/Na/CNA_CMN_20030627_wpr/445",0.00561317115431339,-0.0373681702494194,"改变","CNA","2003","财务 报告 的 透明度 ， 但 这些 会计<br>规则 的 <b>改变</b> 并 未 全面<br>触及 创造性 会计 的 问题 。 一般来说","TW"
"改变/Na/ZBN_CMN_20030912_wpr/44433",-0.00318390575607593,-0.00620550235972888,"改变","ZBN","2003","事 ； 理想 也 会 随着 时间 的 改变<br>而 <b>改变</b> ； 理想 更 会<br>被 残酷 的 生活 慢慢 地","SG"
"变化/Na/XIN_CMN_20030812_wpr/29276",0.0924422918193556,-0.0455203157454758,"变化","XIN","2003","相当 长 的 时期 内 , 无论 关税 水平<br>如何 <b>变化</b> , 关税 仍 将<br>存 在 并 在 维护 国家","ML"
"改变/Na/ZBN_CMN_20030705_wpr/57193",0.0137156041258635,-0.0318334609833042,"改变","ZBN","2003","认为 新加坡人 对 同性恋 者 的 看法<br>， 会 慢慢 <b>改变</b> 。 “<br>我们 （ 关于 同性恋 者 ） 的 政策","SG"
"变化/Na/ZBN_CMN_20030822_wpr/51355",0.00561525951229438,0.190318951299548,"变化","ZBN","2003","国际 地区 安全 战略 方面 的 一 个<br>质 的 <b>变化</b> 。 NAATO<br>的 中文 全 称 是 “ 北美 －","SG"
"变化/Na/XIN_CMN_20001026_wpr/53700",0.0199308832310204,0.0530421371768517,"变化","XIN","2000","市 。 为了 反映 人口 流量 和 流向<br>的 急剧 <b>变化</b> 情况 , 这<br>次 常住 人口 的 时间 标准 缩短为","ML"
"改变/Na/ZBN_CMN_20030704_wpr/77017",-0.0223046226239869,-0.142286637673986,"改变","ZBN","2003","维那 一带 的 泰顺 路 居民 已 获 分配<br>。 <b>改变</b> 执法 者 形象 这<br>种 杀虫剂 块 每 个 成本","SG"
"变化/Na/XIN_CMN_20030425_wpr/9209",0.00402765858375999,0.00337810269313764,"变化","XIN","2003","后 双方 的 战略 观念 和 利 害 关系<br>发生 <b>变化</b> 的 结果 。 一方面<br>, 冷战 结束 后 美国 的","ML"
"变化/Na/ZBN_CMN_20030517_wpr/48158",-0.501644410816549,-0.273598512784231,"变化","ZBN","2003","东南亚 有关 。 说 易 行 难 ， 吴珉权<br>的 <b>变化</b> 也 有 一段 漫长<br>的 过程 。 开始 时 ，","SG"
"变化/Na/XIN_CMN_20030517_wpr/52810",-0.00111990472696633,-0.00509916898396134,"变化","XIN","2003","民俗 本身 具有 变异性 , 随着 人们<br>生活 方式 的 <b>变化</b> , 民间<br>艺术 的 角色 已 由 过去 的 实","ML"
"变化/Na/ZBN_CMN_20030902_wpr/62032",0.0650554757063842,-0.100520280260026,"变化","ZBN","2003","政府 官员 对 公 民政 治 参与 的 观念<br>的 <b>变化</b> 。 据 浙江省 人大<br>自已 的 解释 ， 之所以 推出","SG"
"改变/Na/ZBN_CMN_20030511_wpr/87739",-0.0244990409076398,-0.0484698563748306,"改变","ZBN","2003","把 受 隔离者 姓名 公开 。 许文远 也<br>呼吁 国人 <b>改变</b> 生活 习惯<br>， 把 测量 体温 当成 日常 习惯 的","SG"
"变化/Na/ZBN_CMN_20030902_wpr/41715",0.0357722751217693,0.0221481663104578,"变化","ZBN","2003","万万 不 能 失败 。 事 关 重大 ，<br>面对 <b>变化</b> 中 的 中东 局势<br>， 我们 不能 以 廉价 的","SG"
"变化/Na/XIN_CMN_20010124_wpr/23933",-0.0290719501066598,0.0177165366106221,"变化","XIN","2001","近 两 年 这 种 情况 发生 了 很 大<br><b>变化</b> 。 “ 许多 胡同 和<br>博物馆 都 开放 了 ,","ML"
"改变/Na/ZBN_CMN_20030828_wpr/7999",-0.00462320491999984,-0.00120808164510804,"改变","ZBN","2003","强调 ， 单 是 公积金 改革 并 不会<br>马 上 <b>改变</b> 整 个 大 环境<br>， 其 作用 必需 要 等上","SG"
"改变/Na/ZBN_CMN_20030728_wpr/58672",-0.033495691859432,-0.103964910073684,"改变","ZBN","2003","（ 二 之 一 ） 征文 ： 看 过 了<br><b>改变</b> 台湾人 的 十 件 事<br>， 我们 想 听听 在","SG"
"变化/Na/XIN_CMN_20030428_wpr/11226",0.0194698165000136,0.0227095972315158,"变化","XIN","2003","各 地 粮食局 主要 负责人 要 随时 根据<br>粮食 市场 <b>变化</b> , 启动<br>应急 预案 , 组织好 粮食 供应 , 并","ML"
"变化/Na/XIN_CMN_20030610_wpr/20498",0.00472059605685614,0.00991241705238317,"变化","XIN","2003","激化 。 首先 , 地缘 政治 形势 发生<br>了 根本 <b>变化</b> , 战略 联盟<br>的 根据 已 不复存在 。 欧美 在","ML"
"变化/Na/XIN_CMN_20030611_wpr/18236",-0.137220630430569,0.0031733479345242,"变化","XIN","2003","龙晓梅 来说 , 儿子 近 几 个 月 来<br>的 <b>变化</b> 让 她 难以置信<br>。 龙晓梅 说 : “ 他 从","ML"
"改变/Na/ZBN_CMN_20001124_wpr/9239",0.0777885809623945,-0.151353833732444,"改变","ZBN","2000","份 照会 ， 克林顿 政府 接着 一直 设法<br>说服 俄罗斯 <b>改变</b> 初衷 ，<br>并 警告 若 售卖 这 类 武器 给","SG"
"改变/Na/CNA_CMN_20010120_wpr/101417",0.00704979818109825,-0.0138965166695518,"改变","CNA","2001","环境 , 也 就是 生产者 和 消费者 整体观<br>念 的 <b>改变</b> , 还 远 不如<br>台湾 , 这 就是 台湾 今天","TW"
"变化/Na/CNA_CMN_20001230_wpr/32411",0.02758896265799,0.00407013832903534,"变化","CNA","2000","一些 规 定 , 而 未 因 两岸 政治<br>形势 <b>变化</b> 有所 更动 ,<br>将 两岸 贸易 定 位 为 「","TW"
"改变/Na/CNA_CMN_20001223_wpr/17170",0.0339397302598494,-0.0408026864712242,"改变","CNA","2000","必须 重新 定义 , 大陆 的 政治 制度<br>也 必须 <b>改变</b> 。 沈大伟<br>说 , 大陆 必须 抛弃 僵化 的 立场","TW"
"变化/Na/XIN_CMN_20030720_wpr/63026",-0.0205003168389383,0.0261507191129777,"变化","XIN","2003","大 。 去年 是 美国 政府 贸易 政策<br>发生 明显 <b>变化</b> 的 一 年<br>, 特别 是 经过 艰苦 努力 ,","ML"
"变化/Na/ZBN_CMN_20030427_wpr/79650",0.209959580452105,0.230931962617269,"变化","ZBN","2003","音乐 潜移默化 ， 奇异 得 令 人 跟不上<br>音律 的 <b>变化</b> 。 《 福禄寿<br>》 是 一 个 台湾人 范晓萱 、","SG"
"变化/Na/XIN_CMN_20001218_wpr/87364",0.000607524190065815,0.0166309336693995,"变化","XIN","2000","欧洲 都 是 主 战场 。 对 欧美 关系<br>的 <b>变化</b> 产生 重大 影响<br>的 也 正 是 这 两 场","ML"
"变化/Na/ZBN_CMN_20030823_wpr/67352",0.194727405739006,-0.128734657994037,"变化","ZBN","2003","落叶 点数 光华 不 是 吗 ？ 当年 中国<br>时局 <b>变化</b> ， 南洋 子弟<br>求学 的 关口 一 个 一 个","SG"
"改变/Na/XIN_CMN_20001115_wpr/65170",0.0608637562689855,-0.0293304290998007,"改变","XIN","2000","市区 纷纷 出台 优惠 政策 吸引人 才<br>, 以 求 <b>改变</b> 人才 资源<br>极为 短缺 的 现状 。 据 重庆市 人事局","ML"
"改变/Na/ZBN_CMN_20030622_wpr/30617",0.0025891915948198,-0.00671386051426321,"改变","ZBN","2003","我们 的 优点 之 一 ， 就是 国人 愿意<br>作出 <b>改变</b> ， 而且 迅速<br>的 改变 ， 以 适应 任何 新","SG"
"改变/Na/ZBN_CMN_20030530_wpr/14969",-0.0491228443439424,-0.0559082164763168,"改变","ZBN","2003","她 ， 不要 再 为了 “ 美 ” 轻 易<br><b>改变</b> 任何 器官 。 马浚伟<br>香港 无线 阿哥 马浚伟 新书 关心","SG"
"改变/Na/ZBN_CMN_20010127_wpr/31319",-0.0295999645944764,-0.019164699129223,"改变","ZBN","2001","程度 未免 过 大 了 ， 有 必 要 给予<br><b>改变</b> 。 更何况 ， 在 一<br>个 自由市场 中 ， 房地产","SG"
"改变/Na/CNA_CMN_20001124_wpr/109819",-0.000226579846403885,-0.00111606803637404,"改变","CNA","2000","、 台南科 学园 区 , 压力 很 大 ,<br>时代 <b>改变</b> , 电脑 被 广泛<br>使用 , 一切 讲求 快速 ,","TW"
"改变/Na/ZBN_CMN_20030524_wpr/30635",-0.0233864696800568,-0.0190789046198128,"改变","ZBN","2003","已经 减弱 或 开始 完全 得到 控制 ，<br>这 种 <b>改变</b> 还 将 持续<br>下去 。 ” 沙斯 对 电脑 市场","SG"
"改变/Na/XIN_CMN_20030618_wpr/46540",0.0852747743288608,-0.0903956196736002,"改变","XIN","2003","筹备 委员会 近日 通过 了 欧盟 宪法<br>草案 , 决定 <b>改变</b> 欧盟<br>决策 机制 , 在 绝大多数 领域 采取<br>有效 多数","ML"
"变化/Na/XIN_CMN_20001021_wpr/31157",-0.0103680762966398,0.0339236173593907,"变化","XIN","2000","持续 两 年 多 的 通货 紧缩 出现 转折<br>性 <b>变化</b> 。 与此同时 ,<br>油价 上升 使 石油 化工 等 行业","ML"
"变化/Na/CNA_CMN_20001004_wpr/145592",-0.1460890939872,-0.0765029315279932,"变化","CNA","2000","唐飞 请辞 的 事件 可以 看 出世 事<br>无常 、 <b>变化</b> 万千 , 立法院<br>只有 依据 法律 、 议事 规 则","TW"
"改变/Na/CNA_CMN_20001128_wpr/11907",0.102765755115243,0.114709890137878,"改变","CNA","2000","我们 将 可 轻易 获得 更 多 票 ,<br>足以 <b>改变</b> 选举 结果 成为<br>对 我方 有利 。 」 柯林顿 总统","TW"
"改变/Na/XIN_CMN_20030907_wpr/31597",-0.0835439416745698,-0.0460195015514253,"改变","XIN","2003","中 相遇 。 这 次 的 结果 也 没 有<br><b>改变</b> , 在 半 决赛 啃掉<br>老 对手 韩国 名将 罗景民","ML"
"变化/Na/XIN_CMN_20030630_wpr/22479",-0.0811083382799947,0.0124677700956528,"变化","XIN","2003","活动 , 让 台商 们 充分感 受到 了<br>西部 的 <b>变化</b> 。 在 为期<br>4 天 的 活动 中 , 他们","ML"
"改变/Na/CNA_CMN_20001103_wpr/24186",0.01953992397137,0.0379800696284352,"改变","CNA","2000","的 情况 」 , 并且 已 对 环境 造成<br>重大 <b>改变</b> 。 自 一九六○年<br>末 期 以来 , 地球 融雪 增加","TW"
"变化/Na/XIN_CMN_20030404_wpr/79680",-0.0286773752869289,0.036889520798249,"变化","XIN","2003","营销 理念 和 营 销 手段 等 将 发生<br>巨大 <b>变化</b> , 基金业 在<br>产品 创新 和 业务 拓展 等 方面","ML"
"变化/Na/XIN_CMN_20030411_wpr/52322",0.0408322785586812,0.0116208600869407,"变化","XIN","2003","国家 和 联合国 进行 联络 , 试图 使<br>伊拉克 局势 <b>变化</b> 朝 着<br>有利于 阿拉伯 国家 的 方向 发展 。<br>沙特","ML"
"改变/Na/XIN_CMN_20030715_wpr/5485",0.0226399992096573,-0.0563576333602199,"改变","XIN","2003","此次 访英 主要 目的 之 一 是 试图<br>说服 英国 <b>改变</b> 对 阿拉法<br>特 的 态度 。 以色列 官员 称 英国","ML"
"变化/Na/XIN_CMN_20001010_wpr/77546",0.0350759400905258,0.0746094862596749,"变化","XIN","2000","最 深刻 变化 。 据 介绍 , 这 个<br>深刻 <b>变化</b> 起初 的 动力<br>来自 北京市 “ 三资 ” 企业 的","ML"
"改变/Na/XIN_CMN_20030415_wpr/44042",0.00239475084046388,0.00739375470154515,"改变","XIN","2003",", 在 内需 尤其 是 消费 需求 没有<br>发生 根本 <b>改变</b> , 国际<br>形势 变幻 不定 的 情况 下 , 似乎","ML"
"改变/Na/XIN_CMN_20030622_wpr/18431",0.021620906977583,-0.0136079100552356,"改变","XIN","2003","束缚 发展 的 做 法 和 规定 都 要<br>坚决 <b>改变</b> , 一切 影响<br>发展 的 体制 弊端 都 要 坚决","ML"
"改变/Na/CNA_CMN_20001031_wpr/43781",-0.0813084679987164,-0.0546503560668489,"改变","CNA","2000","间 , 国内 政治 丕变 , 很多 事 都<br>在 <b>改变</b> , 很多 人 换<br>个 位子 , 就 换 个","TW"
"变化/Na/XIN_CMN_20030702_wpr/6942",-0.0754055214626197,0.0763768295069444,"变化","XIN","2003","女性 参加 的 比 例 甚至 发生 了 翻天覆地<br>的 <b>变化</b> 。 在 对 美国高中<br>体育 运动 参与性 的 调查 中","ML"
"变化/Na/ZBN_CMN_20030419_wpr/58899",-0.0496680275141425,0.0290508824679538,"变化","ZBN","2003","将 于 5月 4日 返 京 。 如果 没有<br>出现 <b>变化</b> ， 中国队 将<br>于 5月 9日 飞 赴 赛地 英国","SG"
"变化/Na/XIN_CMN_20010112_wpr/1375",0.00241338123750177,0.0097938813701092,"变化","XIN","2001","指出 , 当今 世界 正在 发生 复杂 而<br>深刻 的 <b>变化</b> , 政治 多<br>极化 和 经济全球化 趋势 加速 发展 ,","ML"
"变化/Na/XIN_CMN_20001002_wpr/12893",-0.00958057435449977,0.020816691612776,"变化","XIN","2000","75 年 , 我们 的 祖国 发生 了 翻天覆地<br>的 <b>变化</b> , 致公党 也 紧跟<br>时代 潮流 , 不 断 发展","ML"
"变化/Na/XIN_CMN_20030727_wpr/20946",0.0326396042808323,0.0025122780341229,"变化","XIN","2003","的 影响 列为 最 优先 课题 , 强调<br>气 候 <b>变化</b> 在 科 学上<br>的 不确定性 , 并 将 其 确立","ML"
"改变/Na/CNA_CMN_20001214_wpr/73642",0.0224065023500564,-0.0324434189799655,"改变","CNA","2000","柯林顿 则 已 提出 , 任何 对 台湾<br>现状 的 <b>改变</b> 都 需 尊重<br>台湾人 民 的 意愿 , 反 映","TW"
"改变/Na/XIN_CMN_20001204_wpr/5328",0.0539679010155314,-0.0483487436678029,"改变","XIN","2000","签署 的 有关 协议 , 以 方 无 权<br>单方面 <b>改变</b> 加沙地带 的<br>地理 现状 。 短评 : 打假 “ 铁拳","ML"
"改变/Na/ZBN_CMN_20030825_wpr/75579",-0.00238603096089381,-0.0291010514473953,"改变","ZBN","2003","， 新加坡人 也 有 必要 像 1995年<br>时 那样 做出 <b>改变</b> ， 才<br>能够 确保 赶得上 经济 复苏 的 列车<br>。","SG"
"改变/Na/ZBN_CMN_20001001_wpr/33315",0.00148342143450396,-0.028450934329362,"改变","ZBN","2000","新加坡 。 作者 提问 ： 到底 新加坡<br>作 了 哪些 <b>改变</b> ？ 有<br>哪 些 不变 ？ 为何 要 改变 ？","SG"
"变化/Na/XIN_CMN_20030425_wpr/85168",-0.00622115888434284,0.00501026987665068,"变化","XIN","2003","铺 , 因为 能 及时 掌握 越南 服装<br>市场 的 <b>变化</b> , 所以 生意<br>做 得 很 大 。 陈 友国","ML"
"变化/Na/ZBN_CMN_20010111_wpr/27262",0.0345333616507644,-0.0253509679222319,"变化","ZBN","2001","的 硬度 、 动作 、 击球 时间 、 节奏<br>、 <b>变化</b> 等 ， 都 还 没有<br>完全 掌握 其 规律 。","SG"
"变化/Na/XIN_CMN_20001129_wpr/46725",0.0579680586352471,0.0782263748017503,"变化","XIN","2000","间 的 分歧 可能 使 1997 年 联合国<br>《 气候 <b>变化</b> 框架 公约<br>》 缔约方 会议 通过 的 《 京都 议定书","ML"
"变化/Na/XIN_CMN_20001116_wpr/16810",0.0210590259740362,0.0210467176180269,"变化","XIN","2000",", 进一步 认清 国内外 发展 的 大 格局<br>、 大 <b>变化</b> 、 大 趋势<br>, 认清 上海 在 全国 改革 开放","ML"
"改变/Na/XIN_CMN_20030724_wpr/45892",0.0515729491957309,-0.01564721343128,"改变","XIN","2003","并 不 意味 着 我们 今后 不 做 调整<br>和 <b>改变</b> 。 ” 吕福源 强调<br>, 货币 政策 的 调整 ,","ML"
"变化/Na/ZBN_CMN_20030827_wpr/52910",0.0783092718164192,0.00319858121796136,"变化","ZBN","2003","” 的 负面 印象 稍 有 改观 。 上述<br>种种 <b>变化</b> ， 均 有助 降低<br>“ 七一 ” 大游行 所 展露","SG"
"改变/Na/CNA_CMN_20001206_wpr/85605",0.0476980737529986,-0.0598920095870396,"改变","CNA","2000","重要 的 仍 是 , 任何 对 台湾 现状<br>的 <b>改变</b> , 一定 先 要<br>经 过 两千三百万 台湾 同胞 的","TW"
"变化/Na/XIN_CMN_20030725_wpr/23605",-0.0742864046816858,0.00762406101321231,"变化","XIN","2003","、 服装 道具 、 剧本 等 都 有 很<br>大 <b>变化</b> 。 ” 徐孟珂 说<br>。 鞠莹 的 愿望 是 戏校","ML"
"变化/Na/XIN_CMN_20001115_wpr/45388",-0.0158495730126553,0.0702399281804185,"变化","XIN","2000",", 这 个 市 农民 收入 增长 开始 出现<br>结构性 <b>变化</b> 。 目前 ,<br>长沙市 优 质稻 、 玉米 、 烤","ML"
"变化/Na/XIN_CMN_20030530_wpr/59817",-0.00700628592902697,0.0410132241505023,"变化","XIN","2003","成库 后 的 长江 三峡 旅游 格局 将<br>发生 重大 <b>变化</b> , 即 将<br>从 过去 游船 观光型 旅游 , 向","ML"
"变化/Na/XIN_CMN_20001226_wpr/25455",-0.0391312872368051,0.0396761800340141,"变化","XIN","2000","时期 里 , 我们 党 的 地位 发生 了<br>重大 <b>变化</b> , 从 一 个<br>为 夺取 全国 政权 而 奋斗","ML"
"变化/Na/ZBN_CMN_20001026_wpr/36707",-0.060692800080301,0.0617690135472559,"变化","ZBN","2000","量变 的 过程 中 ， 不 至 发生 质<br>的 <b>变化</b> 。 在 这 个 时期<br>内 ， 美 日 研发","SG"
"变化/Na/XIN_CMN_20030716_wpr/84734",0.0171516421873374,0.0497486081612919,"变化","XIN","2003","的 要冲 而 闻 名 。 随着 地理 条件<br>的 <b>变化</b> , 这里 逐渐 干涸<br>变为 一望无际 的 戈壁 , 终","ML"
"变化/Na/XIN_CMN_20001228_wpr/78195",-0.0215224173823075,0.000312639025041873,"变化","XIN","2000","开放 以来 , 群众 生活 有 了 很 大<br>的 <b>变化</b> , 但 仍 有 相当<br>部分 群众 生活 贫困 ,","ML"
"改变/Na/XIN_CMN_20030902_wpr/3263",0.268129991280173,-0.223890991670001,"改变","XIN","2003","程度 上 缓解 了 失业 问题 的 进一步<br>恶化 。 <b>改变</b> 僵化 的 劳动<br>市场 是 解决 德国 就业 问题 的","ML"
"变化/Na/XIN_CMN_20030625_wpr/7705",-0.0738696465869141,-0.0482223518503853,"变化","XIN","2003","闪现 在 人们 眼 前 。 不过 , 有趣<br>的 <b>变化</b> 是 , 人们 更<br>青睐 电扇 , 因为 专家 忠告","ML"
"改变/Na/ZBN_CMN_20030814_wpr/9413",-0.0199579312233245,-0.0444600800861885,"改变","ZBN","2003","， 到 红尘 一 游 的 节 期 。 时代<br><b>改变</b> ， 鬼 月 里 最 红<br>的 似乎 不再 是","SG"
"改变/Na/CNA_CMN_20001204_wpr/28598",-0.00737723409129305,-0.0274156525831703,"改变","CNA","2000","因为 部分 老师 与 家长 不 了解 ,<br>难以 有效 <b>改变</b> 观念 ,<br>但 这 不能 怪 老师 或 家长 ,","TW"
"改变/Na/CNA_CMN_20030802_wpr/9596",-0.0493479931727645,-0.00273494893768427,"改变","CNA","2003","行政院 ： 建设 花莲 不 因 县 长补选<br>结果 而 <b>改变</b> （ 中央社<br>记者 万淑彰 台北 二日电 ） 花莲县 长补选<br>结果","TW"
"改变/Na/ZBN_CMN_20030819_wpr/61152",0.0181043869856188,-0.0203694744833178,"改变","ZBN","2003","答应 将 三方 会谈 扩展为 六方 会谈<br>， 但 形式 <b>改变</b> 并 不<br>表示 基本 立场 也 改变 ， 比如 朝鲜","SG"
"改变/Na/ZBN_CMN_20030626_wpr/18792",-0.0533438019266283,-0.177740608821644,"改变","ZBN","2003","线 通车 后 ， 公共 交通 的 另 一<br>项 <b>改变</b> ， 是 巴士 路线<br>的 调动 。 公共 交通 理事会","SG"
"变化/Na/XIN_CMN_20010117_wpr/50513",0.00510699339225392,0.034900281276914,"变化","XIN","2001",", 黄河 冰情 测报 站 正在 昼夜 监测<br>凌汛 发展 <b>变化</b> 情 况 。<br>( “ 新华视点 ” 专栏 ) 题","ML"
"变化/Na/ZBN_CMN_20030503_wpr/47520",-0.0913944457496551,0.0286957517387163,"变化","ZBN","2003","一 年 的 时间 竟然 可以 有 这么 大<br>的 <b>变化</b> ， 上 个 赛季<br>两 队 的 排名 只是 一","SG"
"变化/Na/XIN_CMN_20030404_wpr/6533",-0.0484124081032181,0.0240177700962473,"变化","XIN","2003","从 去年 起 , 《 报告 》 发生 了<br>一些 <b>变化</b> , 指责 中国<br>的 篇幅 有 所 减少 , 去年","ML"
"改变/Na/ZBN_CMN_20030820_wpr/64842",-0.0468193371487838,-0.0763601046476814,"改变","ZBN","2003","。 已 到 无 固定 想法 阶段 谈到 画风<br>的 <b>改变</b> ， 他 说 ， 人生<br>到 了 这 个 阶段","SG"
"改变/Na/CNA_CMN_20001128_wpr/144158",-0.0153038164311651,-0.0498138452819875,"改变","CNA","2000","进港 的 部队 架构 、 装备 、 人数<br>并 没 <b>改变</b> 。 中共 与<br>英国 于 一九八四年 就 香港 前途 问题","TW"
"变化/Na/XIN_CMN_20001015_wpr/54355",-0.0220417422220211,0.0246561747636152,"变化","XIN","2000","移 , 使 我国 劳动力 市场 发生 了<br>较 大 <b>变化</b> 。 通过 第五<br>次 全国 人口 普查 , 全面 了解","ML"
"改变/Na/ZBN_CMN_20001025_wpr/17791",-0.0198575938561964,-0.0227139036977337,"改变","ZBN","2000","媒体 所 采取 的 立 场所 左右 ， 进而<br>产生 <b>改变</b> 。 因此 ， 他<br>呼吁 媒体 保持 高度 的 职业","SG"
"变化/Na/XIN_CMN_20030518_wpr/3671",0.0306059506028536,0.0122582576700801,"变化","XIN","2003","日益 增多 , 因此 必须 密切 关注 经济<br>走势 的 <b>变化</b> , 分析 影<br>响 发展 的 原因 , 适时 制定出","ML"
"改变/Na/ZBN_CMN_20030424_wpr/11169",-0.0678471573259134,-0.0539699376425586,"改变","ZBN","2003","后 ， 震惊 北京 影艺 文化圈 。 年中<br>考试 或 <b>改变</b> 本 地 一些<br>中学 为了 让 学生 有 充分 时间","SG"
"改变/Na/CNA_CMN_20001009_wpr/25462",0.05179599572855,-0.0813980230219979,"改变","CNA","2000","︶ 外传 美方 近日 派 人 来 台 游说<br>民进党 <b>改变</b> 停建 核四 的<br>立场 , 民进党 秘书长 吴乃 仁 上午","TW"
"变化/Na/XIN_CMN_20001225_wpr/13279",0.0175883098633016,0.106701628065746,"变化","XIN","2000","穿插 在 塔里木 河 下游 , 考察 水<br>资源 的 <b>变化</b> 和 以 胡杨林<br>植被 为主 的 衰退 情 况 ;","ML"
"变化/Na/XIN_CMN_20001215_wpr/43174",0.0503778036930529,0.00819662169226043,"变化","XIN","2000",", 也 是 澳 门 回归 一 年 来 发展<br><b>变化</b> 的 社会 原因 , 更<br>是 未来 发展 的 有力","ML"
"变化/Na/XIN_CMN_20010121_wpr/45165",0.0393445799255807,0.00514752085419969,"变化","XIN","2001",", 党派 间 争斗 造成 政府 危机 频仍<br>, 政策 <b>变化</b> 不定 , 体制<br>转型 艰难 , 问题 积重难返 , 国内","ML"
"改变/Na/ZBN_CMN_20010108_wpr/42829",0.0103577492990525,-0.0267875549802976,"改变","ZBN","2001","急剧 下滑 ， 日本 的 金融 政策 目前<br>没有 必要 <b>改变</b> 。 他 说<br>， 现在 还 不能 说 是 日元","SG"
"变化/Na/CNA_CMN_20001019_wpr/66795",-0.0952628660198765,0.00460732771047573,"变化","CNA","2000","可以 推论 出 企鹅 数 量 在 历史 上<br>的 <b>变化</b> 。 英国 「 自然<br>」 杂志 刊登 了 大陆 科学家","TW"
"变化/Na/XIN_CMN_20030530_wpr/28584",0.00455462239551985,0.0067743665828913,"变化","XIN","2003",", 但 拉动 中国 经济 发展 的 基本<br>因素 没有 <b>变化</b> , 中国<br>经济 发 展 的 势头 仍然 强劲 。","ML"
"变化/Na/CNA_CMN_20001123_wpr/79206",-0.0135538766043549,0.092652569810841,"变化","CNA","2000","染疾 病 的 危险 , 这些 疾病 可能<br>因 气候 <b>变化</b> 而 蔓延 。<br>世界 卫生 组织 欧洲 办事处 的 技术","TW"
"改变/Na/CNA_CMN_20010128_wpr/35294",-0.0125878494809189,-0.00948140604862613,"改变","CNA","2001","因为 危害 冠状 动脉 的 危险 因子 中<br>, 可以 <b>改变</b> 也 最 容易<br>改变 的 就是 吸菸 行为 。 华冈","TW"
"变化/Na/ZBN_CMN_20030902_wpr/31113",0.0982588625246969,0.0230068470852222,"变化","ZBN","2003","以 降低 建筑 成本 。 当 应变 计划<br>赶不上 局势 <b>变化</b> 政府 终于<br>下定决心 ， 从 公积金 这 只 圣牛 身","SG"
"改变/Na/XIN_CMN_20010117_wpr/27053",0.0342732876510695,0.0951780555704931,"改变","XIN","2001","农民 收入 和 全 乡 面貌 有 了 很<br>大 <b>改变</b> 。 各 援疆 干部<br>所在 部门 还 承担 起 对","ML"
"改变/Na/ZBN_CMN_20030718_wpr/73006",0.0198679299283612,-0.0439345497870003,"改变","ZBN","2003","政府 的 支持 ， 董 就 更加 不会 感到<br>有 <b>改变</b> 政 策 的 必要<br>。 反之 ， 由于 社会 持续","SG"
"改变/Na/CNA_CMN_20001002_wpr/28820",0.0942561928668302,-0.102370513596706,"改变","CNA","2000","的 国三 学生家 长 抱怨 升学 制度 几乎<br>每 年 <b>改变</b> , 七成三 的<br>家长 不 同意 目 前 制度 可","TW"
"改变/Na/XIN_CMN_20030527_wpr/8468",0.266561903018055,-0.329740961419964,"改变","XIN","2003","弊病 。 这 次 非典 疫情 给 他们 提供<br>了 <b>改变</b> 旧俗 的 动因 。<br>马建立 说 : “ 现在 正好","ML"
"变化/Na/CNA_CMN_20010117_wpr/68827",-0.0148791921765839,0.0173457371319019,"变化","CNA","2001",", 因 彭百显 县长 遭 起诉 而 出现<br>微妙 的 <b>变化</b> , 一般 均<br>预料 彭百显 在 官司 缠讼 的 情况","TW"
"改变/Na/XIN_CMN_20001220_wpr/22599",-0.0297460769645065,-0.0242790557627067,"改变","XIN","2000","对 明知 会 导致 侵权 后果 而 故意<br>去除 或 <b>改变</b> 著作权 管理<br>信息 等 行为 , 都 应 依法 承担","ML"
"改变/Na/CNA_CMN_20001025_wpr/2705",0.0249195298416222,-0.0351223663790895,"改变","CNA","2000","台湾 总统 陈水扁 宣佈 并 一再 重申<br>任内 不会 推动 <b>改变</b> 现状<br>的 台独 公投 , 而且 说到做到 , 足见<br>在","TW"
"变化/Na/ZBN_CMN_20030726_wpr/56799",-0.0115616103480144,0.00626664419676643,"变化","ZBN","2003","有 了 小孩 ， 生活 中 的 许 多 重大<br><b>变化</b> ， 使 他 无法 集中<br>创作 ， 甚至 觉得 写","SG"
"改变/Na/CNA_CMN_20030403_wpr/7735",0.0138703899767248,-0.0519893753574284,"改变","CNA","2003","开罗 大学 美国 研究 教授 卡梅尔 对<br>阿拉伯 世界 可能 <b>改变</b> 「<br>仇美 」 心态 抱 着 审慎 乐观 的 看法","TW"
"变化/Na/ZBN_CMN_20030728_wpr/80984",0.0369019840089395,0.0290296005598904,"变化","ZBN","2003","马尼拉 局势 的 发 展 ， 并 留意 情况<br>的 <b>变化</b> 。 “ 叛军 企图<br>通过 违反 宪法 的 途径 来","SG"
"变化/Na/XIN_CMN_20001112_wpr/15301",-0.143062975064272,-0.00403679522312141,"变化","XIN","2000","票面 利率 随 一 年 期 银行 存款 利率<br>的 <b>变化</b> 而 浮动 。 本次<br>中 标的 基本 利差 为 0","ML"
"改变/Na/ZBN_CMN_20001213_wpr/19855",-0.00773827950050355,-0.0651116159012866,"改变","ZBN","2000","开放 虽 已 有 20 年 ， 但 心态<br>的 <b>改变</b> 则 需 更 长 的<br>过程 。 进 TO 之","SG"
"改变/Na/XIN_CMN_20010113_wpr/21155",0.161670746648097,0.142261722605654,"改变","XIN","2001","农业 的 支持 和 保护 力度 , 特别<br>是 在 <b>改变</b> 农 村 基础<br>设施 落后 、 改善 农业 生产 条件","ML"
"变化/Na/ZBN_CMN_20010116_wpr/27355",-0.101170523736593,-0.0342934224028111,"变化","ZBN","2001","立竿见影 的 效果 。 显然 的 ， 对于<br>美国 的 <b>变化</b> ， 亚洲 方面<br>的 反应 是 比 欧洲 更 敏感","SG"
"变化/Na/ZBN_CMN_20010119_wpr/10427",-0.0247565677221713,-0.00916414565981224,"变化","ZBN","2001","比如 画 人物 ， 瓷器 造型 的 线条<br>就 不要 <b>变化</b> 太 大 ，<br>否 则 人物 会 变形 ， 有如","SG"
"改变/Na/ZBN_CMN_20030903_wpr/1534",0.0713229794903362,-0.0559835520556451,"改变","ZBN","2003","转 的 地点 。 政府 繁文缛节 要 去除<br>， 是 <b>改变</b> 政府 官僚 制度<br>的 第一 步 。 舍得 去除 繁","SG"
"改变/Na/ZBN_CMN_20030715_wpr/59286",-0.00195625456746035,-0.0583551681546784,"改变","ZBN","2003","敬而远之 。 在 这 种 情况 下 ， 美国<br>需要 <b>改变</b> 自己 的 形象<br>， 需要 消除 世人 对 它 的","SG"
"改变/Na/CNA_CMN_20001125_wpr/66309",-0.0279531587901907,0.0457643666565617,"改变","CNA","2000","调整器 大 小 、 结构 及 功能 均 发生<br>重大 <b>改变</b> , 除了 心搏<br>缓慢 外 , 对 心脏 衰竭 及","TW"
"改变/Na/CNA_CMN_20010128_wpr/41256",0.0121253699074719,-0.249946142309482,"改变","CNA","2001","解答 、 个股 相关 资讯 及 线图 。<br>900128 凯特布兰琪 <b>改变</b><br>戏路 演出 灵异 惊悚 电影 ( 中央社<br>记者 褚 卢生","TW"
"变化/Na/XIN_CMN_20030926_wpr/72435",0.0327195377506271,0.118618892480989,"变化","XIN","2003","本 电影 帐见 证 了 中国 电影 市场<br>翻天覆地 的 <b>变化</b> 。 《<br>双 旗镇刀客 》 投资 110万 人民币<br>, 在","ML"
"变化/Na/ZBN_CMN_20030429_wpr/52271",-0.0439375484014723,0.00708405997341999,"变化","ZBN","2003","的 总统 大选 相比 ， 亦 无 太 大<br>的 <b>变化</b> 。 最近 ， 该<br>媒体 又 针对 19 岁 至","SG"
"变化/Na/XIN_CMN_20030405_wpr/46393",0.0394716824794898,0.0372008095465777,"变化","XIN","2003","增长 的 微观 基础 继续 改善 。 出口<br>产品 结构 <b>变化</b> 从 一 个<br>侧面 佐证 了 产业 结构 优化 和","ML"
"变化/Na/XIN_CMN_20030605_wpr/14471",-0.0328246265437361,0.0135000943559273,"变化","XIN","2003","的 NBA 打上 了 主力 , 这样 巨大<br>的 位置 <b>变化</b> , 即使 是<br>一 个 已经 很 成熟 的 人","ML"
"变化/Na/CNA_CMN_20001011_wpr/46729",0.105087274293222,0.0426474132182144,"变化","CNA","2000","儿童 加护 科 主任 夏绍轩 指出 , 以<br>病 程 <b>变化</b> 调整 治疗 方法<br>的 肠病毒 重症 治疗 照护 模式 ,","TW"
"改变/Na/CNA_CMN_20030614_wpr/9006",0.210333234333334,0.0468223480278628,"改变","CNA","2003","精神 面 都 要 同时 进行 －－ 从 文化<br>的 <b>改变</b> 、 人才 的 升级<br>和 产品 的 升级 ， 至","TW"
"改变/Na/CNA_CMN_20030613_wpr/7459",0.064302778373101,-0.0310260345918239,"改变","CNA","2003","和平 路线图 早日 实现 。 中共 学者<br>为 文 要求 <b>改变</b> 对 日<br>政策 引起 注意 （ 中央社 记者 张芳明<br>东京","TW"
"改变/Na/ZBN_CMN_20030629_wpr/3261",-0.0078116880126357,-0.0152679889766644,"改变","ZBN","2003","027 技术 。 这 一 试验 将 有 可能<br>彻底 <b>改变</b> 传统 的 牧羊<br>方式 ， Telecom 公司 所 试验<br>的","SG"
"变化/Na/XIN_CMN_20030530_wpr/2118",-0.0124410521245052,0.018286704875249,"变化","XIN","2003","竞赛制 度 、 方式 和 格局 发生 了<br>巨大 的 <b>变化</b> 。 各 种<br>名目 繁多 的 竞赛 越来越 多 ,","ML"
"变化/Na/CNA_CMN_20001204_wpr/51528",-0.026216036142935,0.0359365019876198,"变化","CNA","2000","年纪 较 大 的 民众 , 可能 因 气温<br>的 <b>变化</b> 使得 脑部 血液<br>循环 变差 , 而 引 发 眩晕","TW"
"变化/Na/ZBN_CMN_20001027_wpr/39404",-0.00608919719051146,0.0162266866468198,"变化","ZBN","2000","国际 环境 。 过去 20余 年 ， 中国<br>的 巨大 <b>变化</b> 与 成长 ，<br>在 国际 上 产生 两 种 不同","SG"
"改变/Na/XIN_CMN_20030524_wpr/42078",0.0256462868116584,-0.0391880847252431,"改变","XIN","2003","这 一 问题 的 关键 在于 美国 是否<br>真心 想 <b>改变</b> 对 朝政 策<br>。 朝鲜 的 立场 是 , 首先","ML"
"变化/Na/XIN_CMN_20030711_wpr/8638",0.0165282556537877,0.0151386905841522,"变化","XIN","2003","记者 李强 近年来 , 哥斯达黎加 根据<br>世界 经济 形势 的 <b>变化</b><br>对 本 国 经济 结构 进行 了 一 系列<br>改革","ML"
"变化/Na/CNA_CMN_20001014_wpr/38446",-0.0165164498201525,-0.0075755024634612,"变化","CNA","2000","的 鼎力 支持 , 势将 不会 产生 目前<br>的 种种 <b>变化</b> , 对于 美国<br>给予 的 声援 与 支持 , 再次","TW"
"变化/Na/ZBN_CMN_20030617_wpr/53533",-0.0262871452261836,0.0157869738529199,"变化","ZBN","2003","在 无可奈何 的 情况 之下 卖 了 。<br>这 种 <b>变化</b> 在 一 年 以前<br>是 不能 想像 的 ， 我们","SG"
"变化/Na/CNA_CMN_20001125_wpr/47822",0.103760782499332,-0.0569952266116203,"变化","CNA","2000","投票 过 后 几 个 钟头 , 加拿大 政治版图<br>的 <b>变化</b> 仍 值得 民主国<br>家 人民 的 关注 。 从 台湾","TW"
"改变/Na/ZBN_CMN_20030503_wpr/2401",0.000733292435702838,-0.00118405383100822,"改变","ZBN","2003","观赏 方言节 目的 机会 。 如今 形势<br>已 大 大地 <b>改变</b> ， 方言<br>已 无损 推广 华语 ， 不 须要 继续","SG"
"变化/Na/XIN_CMN_20030526_wpr/35584",-0.00975895350088758,0.0116654088296925,"变化","XIN","2003","人 们 登山 的 目的 和 观念 在 不断<br>发生 <b>变化</b> , 登顶 所 能<br>带来 的 名利 效应 已 变得","ML"
"变化/Na/ZBN_CMN_20030930_wpr/74243",0.22271940406709,-0.0672729274798226,"变化","ZBN","2003","又 永远 不 重复 自己 ， 力求 创新<br>、 力求 <b>变化</b> 。 走 笔<br>至 此 ， 耳 畔 仿佛 又","SG"
"变化/Na/XIN_CMN_20010113_wpr/49653",-0.0343643343495675,0.0311860402622095,"变化","XIN","2001","时间 , 新疆 农民 的 衣食住行 发生<br>了 巨大 的 <b>变化</b> : 传统<br>的 夹袢 ( 维吾尔族 男子 的 传统 服装","ML"
"变化/Na/XIN_CMN_20030617_wpr/35398",0.00104259911929432,0.0419727686610626,"变化","XIN","2003","24.9 % 。 焦扬 说 , 随着 非典<br>疫情 的 <b>变化</b> , 上海 各<br>级 政府 部门 正在 积极 采取 措","ML"
"改变/Na/ZBN_CMN_20030410_wpr/69415",-0.010344446853391,-0.0249790114235373,"改变","ZBN","2003","军队 除了 常规 的 攻击 任务 之外 ，<br>还 必须 <b>改变</b> 人们 头脑<br>中 对于 战争 所 产生 的 联想 ，","SG"
"改变/Na/CNA_CMN_20001122_wpr/183489",-0.0896331596566641,-0.0523687095262996,"改变","CNA","2000","进 乔治华盛顿 医院 。 他 的 EKG<br>检查 显示 没有 <b>改变</b> ,<br>初 步 血液 检查 显示 他 的 心脏 血液","TW"
"变化/Na/XIN_CMN_20001018_wpr/51879",0.00178716894731895,0.0186291741657797,"变化","XIN","2000","基本 结束 , 市场 供求 关系 发生 了<br>重 大 <b>变化</b> ; 社会主义<br>市场 经济体制 初步 建立 , 市场 机制<br>在","ML"
"改变/Na/CNA_CMN_20001218_wpr/44828",-0.0671410919590676,-0.138887000090629,"改变","CNA","2000","那 一 方 退让 很 难 定夺 , 要 选民<br><b>改变</b> 投票 给 其他 候选人<br>选 也 有 困难 。 891218","TW"
"变化/Na/ZBN_CMN_20030403_wpr/62264",0.0465372737974997,-0.0141056714400025,"变化","ZBN","2003","政策 时 的 语调 、 气氛 和 应对 策略<br>有所 <b>变化</b> 。 没有 威胁<br>使用 武 力 ， 没有 规定 两岸","SG"
"改变/Na/CNA_CMN_20001116_wpr/35927",0.0950206854072875,-0.0197319889156598,"改变","CNA","2000","中共 是否 会 在 WTO 两岸 入会 事务<br>上 , <b>改变</b> 原先 了解 的<br>共识 , 外交部 目前 正 密切 注意","TW"
"改变/Na/XIN_CMN_20001229_wpr/23104",0.00635680333321545,-0.0338111343663267,"改变","XIN","2000","决心 使 我们 的 作风 有 一 个 大<br>的 <b>改变</b> , 使 我们 的<br>工作 有 一 个 新 的","ML"
"变化/Na/XIN_CMN_20010125_wpr/30092",-0.0016210886548563,0.027856433531691,"变化","XIN","2001","的 状况 和 俄罗斯 的 经济 形势 已经<br>发生 了 <b>变化</b> 。 有关 俄罗斯<br>的 商业 活动 将 被 取消 、","ML"
"变化/Na/ZBN_CMN_20030925_wpr/20021",-0.017104893709838,0.0902407842782074,"变化","ZBN","2003","了解 清楚 。 同时 也 要 了解 当地<br>的 气候 <b>变化</b> ， 不要 在<br>天气 恶劣 的 情况 下 驾驶 ，","SG"
"变化/Na/XIN_CMN_20010113_wpr/41845",0.00743512810677435,0.0230354123019698,"变化","XIN","2001","被 和解 与 合作所 取代 。 朝鲜半岛<br>局势 发生 的 <b>变化</b> 符合<br>半岛 人民 的 愿望 和 当今 和平 与<br>发展","ML"
"变化/Na/XIN_CMN_20030410_wpr/67146",-0.0439031399745151,0.027909363350785,"变化","XIN","2003","危机 上 的 原 则 立场 并 没有 发生<br>根本 <b>变化</b> , 三国 有 决心<br>抵制 美国 在 国际 事务 中","ML"
"变化/Na/XIN_CMN_20030720_wpr/10525",0.0260125985216436,0.0134204110459526,"变化","XIN","2003","我们 根据 当今 世界 和 中国 的 新<br>发展 新 <b>变化</b> , 更 好<br>地 用 马克思 主义 武装 头脑 、","ML"
"变化/Na/XIN_CMN_20001017_wpr/43332",0.0792558356531427,0.0379330142946089,"变化","XIN","2000","增长 。 二 是 适应 加入 世贸组织 后<br>的 形势 <b>变化</b> , 继 续<br>深化 财政 税收 制度 改革 , 进一步","ML"
"变化/Na/ZBN_CMN_20030613_wpr/65686",-0.0443404645988619,0.0305517351272067,"变化","ZBN","2003","发 ， 米雪 也 染 了 头发 ， 之 晴<br><b>变化</b> 最 大 ， 几乎 变成<br>性感 的 日本 AV 女优","SG"
"改变/Na/CNA_CMN_20001205_wpr/100632",0.00575076429992946,-0.0167884194038154,"改变","CNA","2000","改组 并 不 意味 日本 的 政情 会 有<br>大 <b>改变</b> 。 森 喜朗 强调<br>必 须要 有 一贯性 , 因而","TW"
"变化/Na/ZBN_CMN_20030915_wpr/60562",0.108146764800926,-0.0310960578411069,"变化","ZBN","2003","受 邀 嘉宾 。 胡金钟 说 ， 为 顺应<br>时代 <b>变化</b> ， 接下来 同济<br>医院 将 着重 于 科研 和 延续","SG"
"变化/Na/XIN_CMN_20001110_wpr/55707",-0.296916842619171,0.0347116643309591,"变化","XIN","2000","有所 加强 , 一 件 服 装 通过 拉练<br>的 <b>变化</b> , 可以 由 外套<br>变为 背心 , 或 由 短","ML"
"变化/Na/ZBN_CMN_20030829_wpr/9655",-0.0320712094904041,-0.00326036558304392,"变化","ZBN","2003","令 皮肤 在 除斑 期间 内 产生 很 大<br>的 <b>变化</b> ， 譬如 泛红 敏感<br>的 现象 ， 让 人 不","SG"
"变化/Na/XIN_CMN_20030716_wpr/88943",-0.00108855039731903,0.0140180572313121,"变化","XIN","2003","后 中亚 地区 的 军事 政治 形势 发生<br>了 深刻 <b>变化</b> , 美国 和<br>北约 正在 以 乌兹别克 斯坦 为 据点","ML"
"变化/Na/ZBN_CMN_20030513_wpr/2436",0.129867312811561,-0.022967200981981,"变化","ZBN","2003","被 他们 专权 ， 但 第二 第三 代 就<br>会 <b>变化</b> 。 仇士良 之 言<br>， 时代 虽 变 ， 但","SG"
"变化/Na/ZBN_CMN_20030825_wpr/52320",-0.0796333575402723,-0.0198118544923578,"变化","ZBN","2003","。 粤港 澳 官民 各 方 反应 的 差异<br>和 <b>变化</b> 看似 蹊跷 ， 实则<br>皆 因 利益 而 起 。","SG"
"变化/Na/ZBN_CMN_20030611_wpr/7806",-0.0171003345212191,0.0853684793205442,"变化","ZBN","2003","一 。 锻炼 身体 ， 增强 体质 ， 注意<br>气候 <b>变化</b> ， 避免 及 减少<br>尘埃 、 花粉 刺激 。 二","SG"
"变化/Na/XIN_CMN_20001020_wpr/8329",-0.0174230301070558,0.013236346512753,"变化","XIN","2000",", 中国 的 大 背景 已经 发生 了 很<br>大 <b>变化</b> , 社会 发展 从<br>实践 到 理论 , 都 已","ML"
"变化/Na/XIN_CMN_20030417_wpr/33974",-0.049876236915252,0.0499982218032151,"变化","XIN","2003","封锁 来 迫使 叙利亚 发生 某些 符合<br>美国 标准 的 <b>变化</b> 。 (<br>国际 ) 专访 : “ 新 传染病 的","ML"
"改变/Na/ZBN_CMN_20030928_wpr/69924",0.0783043994034869,-0.118589819693619,"改变","ZBN","2003","“ 如果 我 连任 ， 居 委会 将 无法<br>作出 <b>改变</b> 。 ” 他 说<br>： “ 看看 我们 的 政治","SG"
"变化/Na/CNA_CMN_20001108_wpr/91660",0.000479960982703067,-0.0139368153164345,"变化","CNA","2000","中共 、 台湾 的 关系 都 不会 出 现<br>大幅 <b>变化</b> , 不过 就 他<br>私下 和 立委 聊天 餐叙 得到","TW"
"改变/Na/XIN_CMN_20001120_wpr/74913",-0.00118459102162126,-0.0408399079272452,"改变","XIN","2000","的 服务 态度 和 执法 形象 有 了 明<br>显 <b>改变</b> 。 吉林省 提高<br>玉米 收购 保护价 新华社 长春 11月<br>20日","ML"
"改变/Na/ZBN_CMN_20030927_wpr/81988",0.0127854325091224,-0.040115438593583,"改变","ZBN","2003","。 正 由于 本 地 银行 和 证券行 愿意<br>作出 <b>改变</b> ， 它们 因此<br>能 把 更多 的 新经 济 项目","SG"
"变化/Na/XIN_CMN_20001210_wpr/51923",-0.00363898901248389,-0.0162028608014894,"变化","XIN","2000","专业 人才 、 竞争 方式 等 多方面 引起<br>了 深刻 <b>变化</b> 。 据 统计<br>, 自 去年 11月 底 平安 投资","ML"
"变化/Na/XIN_CMN_20001129_wpr/37592",-0.00161912272708559,0.0175785753444519,"变化","XIN","2000","套 种 了 茭白 和 莲藕 , 还 根据<br>天气 <b>变化</b> 调温 增氧 ,<br>并 根据 生育 阶段 防疫 调整 饲料","ML"
"变化/Na/ZBN_CMN_20030919_wpr/52027",-0.0394237610166524,0.00609545316715299,"变化","ZBN","2003","55 的 后继 机型 ， 所以 没有 多<br>大 的 <b>变化</b> ， 虽 然 能够<br>连接 摄影机 来 拍照 ， 但","SG"
"变化/Na/ZBN_CMN_20030906_wpr/113216",0.0314927460897125,0.0226359719137789,"变化","ZBN","2003","正 是 适应 变化 ， 掌握 变化 ， 进而<br>从 <b>变化</b> 中 主导 未 来<br>的 努力 方向 。 让 年轻","SG"
"改变/Na/ZBN_CMN_20030718_wpr/11546",0.00212134356187931,0.00416957087364487,"改变","ZBN","2003","中医师 ： 近年 来 ， 由于 人们 饮食<br>结构 的 <b>改变</b> ， 精神 心理<br>及 社会 因素 的 变化 ， 导致","SG"
"改变/Na/XIN_CMN_20001128_wpr/79178",0.015654717329861,-0.120611604449023,"改变","XIN","2000","。 ” 群众 的 心 里 有 杆秤 。 为<br><b>改变</b> 家乡 面貌 无私 奉献<br>的 邬志 光 得到 了 大伙","ML"
"变化/Na/CNA_CMN_20001214_wpr/159648",-0.0219119335292706,0.0303255284365001,"变化","CNA","2000","八 年 内 , 西欧 已 产生 极 大 的<br><b>变化</b> , 如 明年 一月 上任<br>的 共和党 新 政府 重","TW"
"变化/Na/XIN_CMN_20001213_wpr/53697",0.0195681212370478,0.0468504113950104,"变化","XIN","2000","不仅 城市 如此 , 在 农村 也 呈现出<br>类似 的 <b>变化</b> 趋势 。 我国<br>百年 来 疾病 的 变化 , 生动","ML"
"变化/Na/XIN_CMN_20030708_wpr/56343",-0.146098967525673,0.0608944317918021,"变化","XIN","2003","。 各 成人 高校 应 根据 招生 工作<br>时间 的 <b>变化</b> , 对 教学<br>计划 、 教学 管理 、 学生 管理","ML"
"改变/Na/XIN_CMN_20001123_wpr/59045",0.061011144231768,0.10930617258877,"改变","XIN","2000","加工 企业 , 近 一 年 多 来 , 迅速<br><b>改变</b> “ 等 米 下锅 ”<br>、 “ 被动 加工 ”","ML"
"变化/Na/XIN_CMN_20030521_wpr/51581",-0.00357680212616165,0.00646086137432404,"变化","XIN","2003","制订 了 各 种 预案 , 根据 非典 疫情<br>的 <b>变化</b> , 采取 不同 的<br>应对 策略 , 把 非典 影响","ML"
"改变/Na/ZBN_CMN_20001215_wpr/9347",-0.0588976185504664,-0.00319551129950953,"改变","ZBN","2000","第一 选择 。 此 举 标志 晚期 乳癌<br>疗法 可能 <b>改变</b> ， 因为<br>新 种类 药品 对 长期 的 标准药 物","SG"
"变化/Na/XIN_CMN_20001105_wpr/21283",0.00989040756317819,0.0549089695365237,"变化","XIN","2000","的 重要 原因 。 这 是 “ 政府 间<br>气候 <b>变化</b> 工作组 ” 首<br>次 将 人 为 因素 称为 全球","ML"
"改变/Na/CNA_CMN_20030708_wpr/10088",-0.0589028670574633,-0.0540677938342947,"改变","CNA","2003","国大 罢工 。 布 希 说 ， 他 不 想<br><b>改变</b> 行程 ， 毕竟 奈及利亚<br>人民 不 是 因为 他 的","TW"
"改变/Na/ZBN_CMN_20001222_wpr/29692",-0.0155319872944809,-0.116850214313435,"改变","ZBN","2000","之 ， 南北战争 结束 135年 之后 ，<br>佛州 黑人 处境 <b>改变</b> 有限<br>， 第14 项 修正案 并 未 奏效 。<br>但是","SG"
"改变/Na/CNA_CMN_20001024_wpr/16449",0.118190778555722,-0.119732539520556,"改变","CNA","2000","实施 以来 , 联勤 全体 干部 能 体认<br>时势 的 <b>改变</b> , 秉持 着<br>联勤 「 忠 勤 精实 」 的","TW"
"变化/Na/XIN_CMN_20030910_wpr/39038",-0.00684420559040141,0.0188206004020499,"变化","XIN","2003","欧洲 、 中国 和 世界 其它 地区 发生<br>了 许多 <b>变化</b> 。 在 不断<br>变化 的 国际 环境 中 , 恐怖","ML"
"变化/Na/ZBN_CMN_20030602_wpr/46370",0.132700516119689,0.092258973583587,"变化","ZBN","2003","， 需要 考虑国 家 长远 的 利益 与<br>国际 格局 <b>变化</b> 。 毕竟<br>新加坡 地处 东南亚 ， 无论 从 文 化","SG"
"变化/Na/XIN_CMN_20010116_wpr/81559",-0.0118101782203899,0.167745900378546,"变化","XIN","2001","物种 总数 的 近 一半 , 但 由于 气候<br>的 <b>变化</b> , 许多 物种 濒临<br>绝种 。 巴西 国家 植物学 校","ML"
"改变/Na/CNA_CMN_20010128_wpr/46860",0.0327229182756361,0.0413107261841509,"改变","CNA","2001","戴尔 等 人 为 例 , 指出 在 科技<br>迅速 <b>改变</b> 的 时代 , 公司<br>企业 在 发展 的 全盛期 ,","TW"
"改变/Na/CNA_CMN_20001218_wpr/7128",0.0104910412166176,-0.0157272790551865,"改变","CNA","2000","能 一 上任 就 在 中国 政策 上 有<br>任何 <b>改变</b> 与 调整 , 甚至<br>布希 在 竞选 期间 主张 中共","TW"
"改变/Na/XIN_CMN_20030414_wpr/51764",0.0610919451158283,0.0365906710416587,"改变","XIN","2003",", 香港 吸引 外国 投资 者 的 基本<br>因素 并未 <b>改变</b> 。 虽然<br>眼 下 非 典型 肺炎 对 香港 的","ML"
"变化/Na/ZBN_CMN_20001110_wpr/3283",-0.0127470960933091,0.0838307677148971,"变化","ZBN","2000","的 样子 ， 提醒 人们 ， 气候 正 在<br>起 <b>变化</b> ， 暴风雨 经常<br>会 来 。 他 答应 政府 将","SG"
"改变/Na/CNA_CMN_20001016_wpr/35586",0.0308470068970784,-0.0466740361719102,"改变","CNA","2000","政府 的 政策 , 不能 政出 多 门 ,<br>时时 <b>改变</b> 、 朝令夕改 ,<br>如此 民众 会 无所适从 。 连战 还","TW"
"变化/Na/XIN_CMN_20001219_wpr/40715",0.169043475443665,0.0811733600012059,"变化","XIN","2000","规定 出台 之前 , 除 涉及 国家 安全<br>如 汇率 <b>变化</b> 等 重要 措施<br>以外 , 都 要 有 一段 时间","ML"
"变化/Na/CNA_CMN_20001210_wpr/11395",-0.0106553014746324,0.0254234687255064,"变化","CNA","2000","以 上 。 这 显示出 大陆 社会 制度<br>出现 巨大 <b>变化</b> 后 , 民众<br>须 面 对 许多 新 的 社会","TW"
"变化/Na/ZBN_CMN_20001223_wpr/15138",-0.374589070450936,-0.136177304076591,"变化","ZBN","2000","和 电脑 影像 的 配合 下 ， 它 能<br>呈献 <b>变化</b> 万千 的 音乐<br>水柱舞 ， 还 能够 在 迷茫 的","SG"
"改变/Na/CNA_CMN_20001108_wpr/96340",0.0496431738798345,-0.0494439097919075,"改变","CNA","2000","总统 候选人 上任 后 , 许多 选前 主张<br>的 政策会 <b>改变</b> , 行政<br>机关 的 立场 会 影响 美国 总统 的","TW"
"变化/Na/XIN_CMN_20001016_wpr/1984",0.0166127461878952,-0.0181949521624792,"变化","XIN","2000","中 的 地位 以及 生活 方式 、 性别<br>观念 的 <b>变化</b> 等 多方面<br>的 考察 , 得 出 系统 、 客观","ML"
"改变/Na/CNA_CMN_20001209_wpr/103086",-0.000231120573136873,-0.0260923192611686,"改变","CNA","2000","民 决定 。 无论 任何 人 以 任何 方式<br>图谋 <b>改变</b> 台湾 是 中国<br>一 部份 的 地 位 , 都","TW"
"变化/Na/ZBN_CMN_20030913_wpr/17353",-0.0271662360129022,0.00770954038592813,"变化","ZBN","2003","良好 ， 没有 发 烧 ， 肺部 也 没有<br>出现 <b>变化</b> ， 相信 很 快<br>可以 出院 ； 不过 ， 在","SG"
"变化/Na/CNA_CMN_20001201_wpr/46528",0.0170461624558465,0.00724393189225499,"变化","CNA","2000",", 当前 正 值 世纪 之交 , 面对 复杂<br>且 <b>变化</b> 快速 的 国际局<br>势 与 两岸 关系 , 如何 有效","TW"
"改变/Na/ZBN_CMN_20030723_wpr/53166",0.0395573982327031,-0.0185414034769913,"改变","ZBN","2003","的 原委 。 换句话说 ， 不 止 两岸<br>统一 是 <b>改变</b> 现状 ， 台湾<br>独立 同样 也 是 改变 现状 。","SG"
"变化/Na/CNA_CMN_20030521_wpr/10023",0.0158490251632778,0.0759567058146126,"变化","CNA","2003","相关 签证 服务 及 管制 措施 ， 将<br>依据 疫情 <b>变化</b> 及 世界<br>卫生组 织 ( WHO ) 发佈 的 疫情","TW"
"变化/Na/XIN_CMN_20030511_wpr/24755",-0.0132757352654559,0.0125378422859178,"变化","XIN","2003","的 首要 任务 , 与 近年来 韩国 国内<br>出现 的 <b>变化</b> 有 很 大<br>关系 。 去年 11月 , 围绕 两","ML"
"变化/Na/XIN_CMN_20030529_wpr/21030",-0.0216973703708169,0.0181236184237267,"变化","XIN","2003","生命 。 尽管 登山 的 目的 和 观念<br>在 发生 <b>变化</b> , 登顶 所<br>能 带来 的 名利 效应 已 变","ML"
"改变/Na/ZBN_CMN_20030724_wpr/77008",0.0219775262072009,-0.0226231622833349,"改变","ZBN","2003","在 内 的 新加坡 公司 更 必须 做出<br>调整 和 <b>改变</b> 来 提高 它<br>的 竞争力 。 “ 就 像 我","SG"
"改变/Na/ZBN_CMN_20030505_wpr/45936",-0.0228017455080456,0.00819085395571863,"改变","ZBN","2003","党 的 传统 关系 不 能 不 发生 相应<br>的 <b>改变</b> 。 《 华盛顿 邮报<br>》 曾 指出 基督教 右派 与","SG"
"变化/Na/CNA_CMN_20001224_wpr/11046",-0.0572483680648174,0.122395099990592,"变化","CNA","2000","以上 , 提醒 民众 从事 户外 活动 要<br>留意 气温 <b>变化</b> , 明天<br>东北 季风 增强 , 北部 、 东北部 将","TW"
"变化/Na/XIN_CMN_20030415_wpr/58750",0.00367480802776358,0.0104641765372375,"变化","XIN","2003","北京 在 极 短 的 时间 内 为 应对<br>迅速 <b>变化</b> 的 情 况 而<br>采取 了 许多 新 措施 ,","ML"
"变化/Na/XIN_CMN_20030514_wpr/17097",-0.00737389095932591,0.0113927297351949,"变化","XIN","2003","国际 形势 和 罗中 两国 都 发生 了<br>很 大 <b>变化</b> , 但 两国<br>传统 友好 关系 没有 变 。 两国","ML"
"变化/Na/XIN_CMN_20030827_wpr/38021",-0.0392700196174023,0.0272368009361671,"变化","XIN","2003","官 的 台湾 , 看 正在 发生 着 新<br>的 <b>变化</b> 的 中国 大陆 ,<br>以 及 看 东南亚 其他 华语","ML"
"改变/Na/ZBN_CMN_20030526_wpr/31454",0.0451662014432034,-0.23840344717095,"改变","ZBN","2003","没 亲睹 劫 案 苏有朋 的 经纪人 宋文善<br>更 是 <b>改变</b> 先前 的 说词<br>， 他 说 ， 之前 说 苏有朋","SG"
"改变/Na/CNA_CMN_20001210_wpr/44717",-0.090778562065636,-0.010468095704649,"改变","CNA","2000","随 时 可 迎接 来自 全球 新市 场 需求<br>的 <b>改变</b> 。 多功能 事务<br>机台湾 市场 规模 虽 小 业者 仍","TW"
"变化/Na/CNA_CMN_20001225_wpr/75278",-0.222825420069266,0.202254205389007,"变化","CNA","2000","、 头晕 等 , 所以 定时 量 血压 了解<br>血压 <b>变化</b> 是 非常 重要<br>的 。 891225 中国 大陆 调降 与","TW"
"变化/Na/XIN_CMN_20030916_wpr/9527",-0.106954987842415,0.161344145628173,"变化","XIN","2003","开放 。 ( 国际 ) 研究 证实 : 天气<br>温差 <b>变化</b> 存在 “ 周末<br>效应 ” 新华社 华盛顿 9月 15日 电","ML"
"改变/Na/ZBN_CMN_20030812_wpr/38047",0.215860231484832,0.144242892268526,"改变","ZBN","2003","比 官价 高 50 倍 巴士拉 民事 政府<br>已经 开始 <b>改变</b> 加入 炼油<br>机器 的 混合物 ， 以便 生产 更 多","SG"
"改变/Na/CNA_CMN_20001007_wpr/37070",-0.00240313753338319,-0.00717642919184632,"改变","CNA","2000","我 国防 政策 也 未 因 内阁 改组 而<br>有 <b>改变</b> 。 不过 周钖玮<br>则 提醒 , 唐飞 的 象征 意义","TW"
"变化/Na/CNA_CMN_20010120_wpr/106743",0.00600379627804497,0.0250510025447377,"变化","CNA","2001","的 过程 将 导致 日本国 内 经济 结构<br>的 迅速 <b>变化</b> , 并 使得<br>内需 企业 受到 重视 。 老年 化","TW"
"变化/Na/XIN_CMN_20001227_wpr/82524",-0.0137150354120761,0.0441670433905585,"变化","XIN","2000","奥运会 ” 。 二 、 世界 体育 格局<br>发生 新 <b>变化</b> 。 在 悉尼奥运会<br>上 , 美 国 代表团 夺得 39","ML"
"变化/Na/CNA_CMN_20001218_wpr/9922",0.0175634030221784,0.00587803428011547,"变化","CNA","2000","一 、 两 个 月 来 , 北美 经济 情势<br><b>变化</b> 很 快 。 他 并 表示<br>, 任何 人 如果","TW"
"改变/Na/ZBN_CMN_20030710_wpr/44380",0.107028242363509,-0.28963387133525,"改变","ZBN","2003","地 说 ： “ 我 挺 董 。 ” 曾钰成<br><b>改变</b> 口风 另一方面 ， 之前<br>表示 不 排除 辞职 的 另","SG"
"变化/Na/XIN_CMN_20010109_wpr/3068",0.0136545588097314,0.0138302187951682,"变化","XIN","2001","的 。 王梦奎 说 , 中国 经济 发展<br>的 阶段性 <b>变化</b> , 在 社会<br>经济 生活 中 引起 许多 重大 的","ML"
"改变/Na/XIN_CMN_20030622_wpr/4237",-0.0142201474846612,-0.0078643408924801,"改变","XIN","2003",", 也 实实在在 地 给 中国人 的 生活<br>带来 了 <b>改变</b> 。 中国人<br>从来 没有 像 今天 这样 , 认真 地","ML"
"变化/Na/XIN_CMN_20001024_wpr/66505",0.0552585428463646,0.0682644749578745,"变化","XIN","2000","不定 、 中途 转向 、 速度 和 强 度<br>快速 <b>变化</b> 的 气旋 , 理论<br>上 是 不可 预报 的 ,","ML"
"变化/Na/XIN_CMN_20030501_wpr/33100",0.0538843786290209,-0.0432506288492918,"变化","XIN","2003","抓 商机 的 小贩 觉察到 了 市民 健身<br>观念 的 <b>变化</b> 。 在 呼和浩特市<br>百灵 商 厦 、 民族 商场 的","ML"
"变化/Na/ZBN_CMN_20010116_wpr/23930",-0.0366798166970845,0.00160223833768267,"变化","ZBN","2001","说 这些 首善 之 地 是 几乎 天天 都<br>在 <b>变化</b> ， 就是 较 小<br>的 城市 ， 如 成都 和","SG"
"变化/Na/XIN_CMN_20030625_wpr/25475",-0.0421475858512981,0.024807639219959,"变化","XIN","2003","康复 , 连 体形 都 发生 了 很 大<br>的 <b>变化</b> 。 “ 达达 长白<br>了 , 长胖 了 , 也","ML"
"改变/Na/XIN_CMN_20030501_wpr/60997",0.0435504604414817,0.00770901227457154,"改变","XIN","2003","一 场 突如其来 的 “ 非典 ” 危机<br>, 迅速 <b>改变</b> 和 提升 了<br>中国 医护人 员 的 整体 社会 形象","ML"
"变化/Na/ZBN_CMN_20001222_wpr/32316",0.011160222456148,0.0416209354242821,"变化","ZBN","2000","的 形势 已 出现 。 其实 ， 企业 盈利<br>的 <b>变化</b> 基本 上 是 和<br>国家 经济 增减 相 一致 的","SG"
"改变/Na/XIN_CMN_20030406_wpr/30675",-0.00818847712130994,-0.110251982757486,"改变","XIN","2003","新华社 柏林 4月 6日 电 经济 随笔<br>: 经济 不景气 <b>改变</b> 德国人<br>的 工作观 念 新华社 记者 刘 海燕 以前<br>常","ML"
"变化/Na/ZBN_CMN_20030616_wpr/79957",-0.206945100969862,-0.244960643867726,"变化","ZBN","2003","容易 简单 ， 但 其实 它 内含 很多<br>隐藏 的 <b>变化</b> 。 ” 身兼<br>表演 、 作曲 和 制作 于 一","SG"
"改变/Na/XIN_CMN_20030403_wpr/72729",0.126071466028467,0.00355575818213053,"改变","XIN","2003","并 在 国际 谈判 中 采取 共同 对策<br>, 以 <b>改变</b> 非洲 大陆 贫穷<br>落后 的 面貌 。 ( 国际 )","ML"
"改变/Na/XIN_CMN_20001127_wpr/56713",0.132769636174072,-0.0978420158361065,"改变","XIN","2000","的 人 。 十多 年 来 , 他 怀 着<br><b>改变</b> 家乡 面貌 的 执着<br>信念 , 百折不挠 地 同 自","ML"
"变化/Na/XIN_CMN_20010124_wpr/42297",-0.0524142166895564,0.0520683532277546,"变化","XIN","2001",", 伟大 的 祖国 发生 了 翻天 覆 地<br>的 <b>变化</b> , 经济 持续 增长<br>, 人民 安居乐业 。 她 希望","ML"
"改变/Na/ZBN_CMN_20030610_wpr/4429",-0.0108975496656089,-0.00295257260640431,"改变","ZBN","2003","一两 次 血压 升高 ， 可能 只是 因为<br>环境 的 <b>改变</b> 而 偶 有<br>偏差 ， 要 断定 是否 高 血压","SG"
"变化/Na/ZBN_CMN_20001213_wpr/808",-0.00628838654616592,0.0285238432551094,"变化","ZBN","2000","呢 ？ 以 两 岸 距离 之 近 ， 局势<br><b>变化</b> 之 快 ， 会 有 无数<br>的 原因 导致 战事","SG"
"改变/Na/ZBN_CMN_20030526_wpr/1696",0.022156052856209,-0.0353381107074081,"改变","ZBN","2003","的 厄运 ， 你 应 该 坦然 面对 一切<br>的 <b>改变</b> ， 在 思想 上<br>做出 适当 的 调整 ， 过","SG"
"变化/Na/CNA_CMN_20001218_wpr/73384",0.0507822107304442,0.0725608949809909,"变化","CNA","2000",", 在 明年 全球 贸易 成长率 下降 以及<br>产业 景气 <b>变化</b> 之下 ,<br>台湾 商品 与 劳务 出 口 将 仅有","TW"
"变化/Na/CNA_CMN_20001020_wpr/9180",-0.0373157037473475,0.04644104449744,"变化","CNA","2000","能 使 主导 美国 经济 成长 的 力量<br>为之 发生 <b>变化</b> , 决策<br>者 必 须 提高 警觉 , 留意 能源","TW"
"变化/Na/XIN_CMN_20030705_wpr/58010",-0.00218218723766213,0.024730911394454,"变化","XIN","2003","但 由于 近年 粮 食 供求 关系 发生<br>了 重大 <b>变化</b> , 黑龙江<br>粮食 主 产区 面临 一 系列 问题 ,","ML"
"变化/Na/CNA_CMN_20001214_wpr/135097",-0.056439346209656,0.0684169416211968,"变化","CNA","2000","劳资 双方 目前 正 静待 后续 发展 ,<br>一旦 发生 <b>变化</b> 将 再 举行<br>劳资 协商 。 产业 工会 代表 今天","TW"
"变化/Na/XIN_CMN_20001201_wpr/22276",0.00433408473330281,0.0175204001298893,"变化","XIN","2000","之交 , 国际 形势 正在 发生 巨大 而<br>深刻 的 <b>变化</b> 。 世界 多<br>极化 和 经济全球化 的 发展 将 不","ML"
"改变/Na/CNA_CMN_20010107_wpr/43258",-0.00380910191386802,-0.052299341160422,"改变","CNA","2001",", 减少 文书 处理 和 贪污 的 情况<br>, 及 <b>改变</b> 纳税人 的 态度<br>。 ( 900107 ) 士林社 大 八","TW"
"变化/Na/CNA_CMN_20010108_wpr/118416",0.0462129122630209,0.0243649040417869,"变化","CNA","2001","大多 依 靠 大陆 市场 , 跟随 大陆<br>市场 的 <b>变化</b> 发展 , 如果<br>大陆 经济 发展 持续 强劲 , 将","TW"
"改变/Na/ZBN_CMN_20030910_wpr/42838",-0.00391559207082736,-0.0142906647934719,"改变","ZBN","2003","（ 中国 ） 如果 需要 时 还可以 作出<br>更多 政治 <b>改变</b> ， 而 不至于<br>威胁 稳定 和 法治 。 ” 他","SG"
"改变/Na/CNA_CMN_20010129_wpr/20039",-0.0278436364861421,-0.069782555068184,"改变","CNA","2001","属于 多数 决 , 合议制 的 结果 ,<br>院长 想要 <b>改变</b> 「 是 不可能<br>的 事 」 , 因此 , 就算","TW"
"改变/Na/CNA_CMN_20010112_wpr/126390",0.00385670927897187,-0.0035650962777187,"改变","CNA","2001","离任 后 , 政府 的 政 策 不会 有<br>重大 <b>改变</b> 而 影响 商界<br>。 而且 , 港府 的 基层 架构","TW"
"改变/Na/ZBN_CMN_20030919_wpr/24165",-0.103719686620528,0.0384172193636522,"改变","ZBN","2003","” 吗 ？ 9月 12 日 晴 吃喝玩乐<br>随 季节 <b>改变</b> 步入 9月<br>， 天气 应该 是 开始 转凉 了 ，","SG"
"改变/Na/ZBN_CMN_20030701_wpr/44748",-0.0404091622935112,-0.0544458009529011,"改变","ZBN","2003","树立 领导人 的 权威 ， 这 个 传统<br>至今 没有 <b>改变</b> 。 一来<br>， 树 威 是 政治 传统 ， 每","SG"
"改变/Na/XIN_CMN_20001209_wpr/14409",0.0269128342423353,-0.0996976988878638,"改变","XIN","2000","武力 的 动向 “ 意 味 着 从 本质<br>上 <b>改变</b> 过去 以 ‘ 自卫<br>’ 为 原则 的 军事 防御性","ML"
"改变/Na/CNA_CMN_20010131_wpr/78292",0.0255689540083697,-0.0112740818623914,"改变","CNA","2001","北韩 的 交往 政策 。 由于 汉城 对<br>华府 可能 <b>改变</b> 对 北韩<br>政策 的 忧虑 日增 , 鲍斯渥斯 在 此","TW"
"改变/Na/ZBN_CMN_20030727_wpr/77497",-0.0596050278676693,0.00870455707440856,"改变","ZBN","2003","变化 。 结果 他 发现 ， 这么 做 竟然<br>能够 <b>改变</b> 这些 超视束 交叉<br>核子 细胞 “ 达到 峰值 ” 的","SG"
"改变/Na/ZBN_CMN_20030726_wpr/42485",0.00074647781672971,0.00615770440050797,"改变","ZBN","2003","的 信心 。 新加坡 无法 避开 激烈 竞争<br>和 不断 <b>改变</b> 的 环境 ，<br>这 是 现实 生活 中 的 大","SG"
"变化/Na/CNA_CMN_20010120_wpr/29560",0.102886961612303,0.0087396227551578,"变化","CNA","2001","。 相关 主管 官员 分析 说 , 从 菲国<br>政情 <b>变化</b> 的 现场 情形<br>了解 , 军警宪 和 民众 站 在","TW"
"变化/Na/XIN_CMN_20001026_wpr/13914",-0.0399404110581591,0.0414218387156363,"变化","XIN","2000","说 , 中国 自 改革 开放 以来 发生<br>了 巨大 <b>变化</b> 。 缅 甸<br>拥有 宝贵 的 森林 、 矿产 资源","ML"
