"","_id","lemma","newspaper","region","formality","_cws.model","_ctxt.model","model.x","model.y","cluster"
"角球/N/CNA_CMN_20020531_wpr/170146","角球/N/CNA_CMN_20020531_wpr/170146","角球","CNA","Taiwan","quality","塞内加尔/N;没/V;角球/N;次/N;机会/N;获得/V;塞内加尔/N;威胁/N;角球/N","""<small>了 塞内加尔 这 一 边 。 这 场 比赛 法国队</small> <u>获得</u><sup>2.932</sup> 六 <u>次</u><sup>2.503</sup> <u>角球</u><sup>6.972</sup> <u>机会</u><sup>4.384</sup> , <u>塞内加尔</u><sup>2.753</sup> <u>没</u><sup>1.088</sup> 有 任何 <span class='target'>角球</span> , 但 席丹 缺阵 , <u>角球</u><sup>6.972</sup> 不但 <u>塞内加尔</u><sup>2.753</sup> 造成 <u>威胁</u><sup>2.38</sup> <small>, 反而 紧守 城池 即可 获得 最后 胜利 。 塞内加尔</small>""",0.127498245935752,-52.3828356420649,6
"角球/N/XIN_CMN_20020603_wpr/17743","角球/N/XIN_CMN_20020603_wpr/17743","角球","XIN","Mainland","quality","主罚/V;时/N;踢/V;球/N;土耳其队/N;后者/N","""<small>改写为 2 : 1 。 全 场 比赛 的 补</small> <u>时</u><sup>1.893</sup> 阶段 , <u>土耳其队</u><sup>4.129</sup> 后卫号 温萨尔 <u>球</u><sup>4.985</sup> <u>踢</u><sup>4.415</sup> 准备 <u>主罚</u><sup>6.16</sup> <span class='target'>角球</span> 的 里 瓦尔多 身 上 , <u>后者</u><sup>2.639</sup> 掩面 倒地 , <small>结果 当值主 裁判 金永洙 温萨尔 出示 了 本 场 比赛</small>""",-29.3270171643166,-33.8375138354537,NA
"角球/N/XIN_CMN_20000917_wpr/1904","角球/N/XIN_CMN_20000917_wpr/1904","角球","XIN","Mainland","quality","美国队/N;上半场/N;次/N;获得/N;一/N;下/N;攻进/V;球/N","""<small>进攻 , 但 美国队 很 快 进入 状态 , 并</small> 开始 控制 场上 局势 。 <u>上半场</u><sup>5.244</sup> <u>美国队</u><sup>3.188</sup> 几 <u>次</u><sup>2.503</sup> <u>获得</u><sup>3.216</sup> <span class='target'>角球</span> , 并 <u>攻进</u><sup>5.023</sup> <u>一</u><sup>1.081</sup> <u>球</u><sup>4.985</sup> 。 他 说 , <u>下</u><sup>1.182</sup> <small>半 场 虽然 中国队 进行 了 调整 , 但 美国队</small>""",4.06136355839056,-31.8453243745313,NA
"角球/N/XIN_CMN_19930617_wpr/54866","角球/N/XIN_CMN_19930617_wpr/54866","角球","XIN","Mainland","quality","分钟/N;13/N;剩/V;时/N;结束/N;中国队/N;次/N;洪波/N;8/N;号/N;黎兵/N;6/N;机会/N","""<small>, 分 追成 1 : 2 。 全 场 比赛</small> <u>结束</u><sup>1.768</sup> <u>剩</u><sup>2.158</sup> <u>13</u><sup>1.939</sup> <u>分钟</u><sup>5.284</sup> <u>时</u><sup>1.893</sup> , <u>中国队</u><sup>3.712</sup> 觅得 两 <u>次</u><sup>2.503</sup> <span class='target'>角球</span> <u>机会</u><sup>4.384</sup> , <u>6</u><sup>2.036</sup> <u>号</u><sup>3.293</sup> <u>黎兵</u><sup>5.368</sup> 和 <u>8</u><sup>2.132</sup> <u>号</u><sup>3.293</sup> 高 <u>洪波</u><sup>4.373</sup> <small>球 攻入 网 内 。 中国队 6 号 黎兵 评为</small>""",29.8750861580343,-1.9062423590382,NA
"角球/N/XIN_CMN_19990111_wpr/49571","角球/N/XIN_CMN_19990111_wpr/49571","角球","XIN","Mainland","quality","利用/V;分钟/N;时/N;发/V;场/N;比赛/N;进行到/V;分扳/N;头/N;前锋/N;破门/N;机会/N;球/N","""<small>对手 的 打法 , 方 大门 发动 了 多次 进攻</small> , 全 <u>场</u><sup>2.471</sup> <u>比赛</u><sup>1.944</sup> <u>进行到</u><sup>5.575</sup> 75 <u>分钟</u><sup>5.284</sup> <u>时</u><sup>1.893</sup> <u>利用</u><sup>3.365</sup> <u>发</u><sup>2.277</sup> <span class='target'>角球</span> 的 <u>机会</u><sup>4.384</sup> , <u>前锋</u><sup>4.526</sup> 格拉尔 <u>头</u><sup>4.178</sup> <u>球</u><sup>4.985</sup> <u>破门</u><sup>6.182</sup> , <u>分扳</u><sup>6.137</sup> <small>平 。 B 组 中 乌拉圭队 目前 两 战 两</small>""",9.51929848371581,1.07969026835997,4
"角球/N/CNA_CMN_19980708_wpr/25922","角球/N/CNA_CMN_19980708_wpr/25922","角球","CNA","Taiwan","quality","分钟/N;制造/V;球门/N;内/N;连/C","""<small>场 有如 橘色 郁金香 盛放 , 佈 阵 围攻 巴西</small> <u>球门</u><sup>6.029</sup> , 十 <u>分钟</u><sup>5.284</sup> 之 <u>内</u><sup>1.136</sup> <u>制造</u><sup>2.648</sup> 了 五 个 <span class='target'>角球</span> , 塔法瑞尔 机警 过人 , <u>连</u><sup>1.087</sup> 挡带接 , 化 解 <small>了 多 次 危机 。 乱军 中 , 巴西队 抢到</small>""",2.26550090353266,18.792516152029,1
"角球/N/XIN_CMN_20020602_wpr/8595","角球/N/XIN_CMN_20020602_wpr/8595","角球","XIN","Mainland","quality","20/N;7/N;进球/N;犯规/V;2/N;16/N;射门/V;射/V;黄牌/N;任意球/N;4/N;1/N;2/N;乌龙球/N;11/N;越位/V;点/N;球/N","""<small>获胜 。 双方 技术 统计 结果 如下 : 阿根廷队 尼日利亚队</small> <u>进球</u><sup>4.65</sup> <u>射门</u><sup>6.632</sup> <u>20</u><sup>1.42</sup> <u>7</u><sup>2.188</sup> <u>射</u><sup>4.878</sup> 正9 <u>2</u><sup>2.147</sup> <u>犯规</u><sup>5.351</sup> <u>16</u><sup>1.764</sup> <u>20</u><sup>1.42</sup> <span class='target'>角球</span> <u>11</u><sup>2.41</sup> <u>4</u><sup>2.01</sup> <u>任意球</u><sup>6.848</sup> <u>点</u><sup>1.491</sup> <u>球</u><sup>4.985</sup> <u>越位</u><sup>6.974</sup> <u>乌龙球</u><sup>8.074</sup> <u>黄牌</u><sup>5.014</sup> <u>2</u><sup>2.147</sup> <u>1</u><sup>1.692</sup> <small>红牌 控球 时间 55 % 45 % 印度 国防部长 说</small>""",-38.1195877023632,-9.59033969882148,NA
"角球/N/XIN_CMN_20000524_wpr/5134","角球/N/XIN_CMN_20000524_wpr/5134","角球","XIN","Mainland","quality","判/V;当时/N;对方/N;平安队/N;发/V;裁判/N;当时/N;点球/N;判罚/V","""<small>队员 实德队 门 前 踩住 了 球 , 但 随后</small> <u>对方</u><sup>4.221</sup> 守门 员 扑倒 。 裁判 <u>当时</u><sup>1.07</sup> <u>判</u><sup>1.557</sup> <u>平安队</u><sup>4.893</sup> <u>发</u><sup>2.277</sup> <span class='target'>角球</span> , 中国 足协 <u>裁判</u><sup>2.566</sup> 委员会 认为 <u>当时</u><sup>1.07</sup> <u>判罚</u><sup>4.06</sup> <u>点球</u><sup>4.649</sup> 。 <small>黄钢 分析 了 北京 国安队 客场 和 重庆 隆鑫队 第十</small>""",-39.8864791976756,-25.7310720138549,NA
"角球/N/CNA_CMN_20020622_wpr/64378","角球/N/CNA_CMN_20020622_wpr/64378","角球","CNA","Taiwan","quality","得/V;一/N;分机/N;开/V;次/N;挡/V;射门/V;后卫/N;下/N","""<small>两 次 头锤 越过 门楣 。 南韩 第六十七 分钟 ,</small> 有 <u>一</u><sup>1.081</sup> <u>次</u><sup>2.503</sup> 相当 好 的 <u>得</u><sup>2.58</sup> <u>分机</u><sup>5.288</sup> , <u>开</u><sup>1.717</sup> <span class='target'>角球</span> 之后 , 李天秀 <u>射门</u><sup>6.632</sup> , 西班牙 <u>后卫</u><sup>4.988</sup> <u>挡</u><sup>3.161</sup> <u>下</u><sup>1.182</sup> , <small>球 落 朴智星 的 脚 下 , 补上 一 脚</small>""",-16.7885914415181,-16.3802221724364,NA
"角球/N/CNA_CMN_20020508_wpr/99965","角球/N/CNA_CMN_20020508_wpr/99965","角球","CNA","Taiwan","quality","踢/V;惊险/V;机会/N","""<small>这 位 高瘦 前锋 球员 , 瞬间 右 脚 劲射</small> 的 功力 了得 , 如果 给 他 <u>踢</u><sup>4.415</sup> 自由球 与 <span class='target'>角球</span> 的 <u>机会</u><sup>4.384</sup> , 那 后果 是 <u>惊险</u><sup>3.666</sup> 万分 。 他 <small>十七 岁 国际 比赛 中 亮相 , 目前 是 巴拉圭国</small>""",-16.5266967000578,-40.7114556367983,NA
"角球/N/CNA_CMN_19931118_wpr/20149","角球/N/CNA_CMN_19931118_wpr/20149","角球","CNA","Taiwan","quality","分钟/N;发/V;下/N;第十八/N;半/N;西班牙队/N;场/N;进行到/V;顶进/V;球门/N;头/N;锋/N;前/N;获得/V","""<small>场 结 束 , 两 队 零 零 打成 平手</small> 。 <u>下</u><sup>1.182</sup> <u>半</u><sup>2.47</sup> <u>场</u><sup>2.471</sup> <u>进行到</u><sup>5.575</sup> <u>第十八</u><sup>3.109</sup> <u>分钟</u><sup>5.284</sup> , <u>西班牙队</u><sup>2.852</sup> <u>发</u><sup>2.277</sup> <span class='target'>角球</span> , <u>前</u><sup>2.303</sup> <u>锋</u><sup>3.183</sup> <u>球门</u><sup>6.029</sup> <u>前</u><sup>2.303</sup> <u>头</u><sup>4.178</sup> <u>顶进</u><sup>6.87</sup> , <u>获得</u><sup>2.932</sup> 宝贵 <small>的 分 。 后来 两 队 球 赛 终了 进球</small>""",8.52231733420184,7.448203205318,NA
"角球/N/XIN_CMN_19930622_wpr/3543","角球/N/XIN_CMN_19930622_wpr/3543","角球","XIN","Mainland","quality","第十七/N;分钟/N;队友/N;踢出/V;球门/N;头顶/N;进/V;场/N;队/N","""<small>, 结果 球 攻入 对方 腹地 。 下 半 场</small> 的 <u>第十七</u><sup>3.613</sup> <u>分钟</u><sup>5.284</sup> , 豪 . 索托 <u>队友</u><sup>5.247</sup> <u>踢出</u><sup>7.345</sup> 的 <span class='target'>角球</span> <u>头顶</u><sup>5.563</sup> <u>进</u><sup>1.554</sup> 了 巴拉 圭 <u>队</u><sup>2.938</sup> 的 <u>球门</u><sup>6.029</sup> , <u>场</u><sup>2.471</sup> <small>上 比分 扳平 。 总之 , 秘鲁队 和 巴拉圭队 对阵</small>""",-4.52604912890487,2.25054059269237,NA
"角球/N/XIN_CMN_20020601_wpr/26521","角球/N/XIN_CMN_20020601_wpr/26521","角球","XIN","Mainland","quality","0/N;3/N;犯规/V;1/N;14/N;射门/V;11/N;射/V;22/N;黄牌/N;任意球/N;0/N;1/N;2/N;乌龙球/N;越位/V;点/N;球/N;10/N","""<small>双方 技术 统计 结果 如下 : 德国队 沙特阿拉伯队 进 球8</small> <u>0</u><sup>2.03</sup> <u>射门</u><sup>6.632</sup> 26 <u>3</u><sup>1.993</sup> <u>射</u><sup>4.878</sup> <u>14</u><sup>1.555</sup> <u>1</u><sup>1.692</sup> <u>犯规</u><sup>5.351</sup> <u>22</u><sup>1.114</sup> <u>11</u><sup>2.41</sup> <span class='target'>角球</span> <u>10</u><sup>1.876</sup> <u>1</u><sup>1.692</sup> <u>任意球</u><sup>6.848</sup> <u>2</u><sup>2.147</sup> <u>0</u><sup>2.03</sup> <u>点</u><sup>1.491</sup> <u>球</u><sup>4.985</sup> <u>越位</u><sup>6.974</sup> <u>乌龙球</u><sup>8.074</sup> <u>黄牌</u><sup>5.014</sup> <small>2 1 红牌 控球 时间 53 % 47 % 中国</small>""",-36.3260486700064,-14.5987211130724,NA
"角球/N/XIN_CMN_20030810_wpr/35747","角球/N/XIN_CMN_20030810_wpr/35747","角球","XIN","Mainland","quality","利用/V;分钟/N;号/N;7/N;一/N;次/N;分钟/N;时/N;第26/N;首先/C;头/N;破门/N;机会/N;球/N","""<small>4 轮 不胜 的 下滑 趋势 。 开场 仅 9</small> <u>分钟</u><sup>5.284</sup> , 青岛 贝莱特队 <u>7</u><sup>2.188</sup> <u>号</u><sup>3.293</sup> 肖战波 <u>利用</u><sup>3.365</sup> <u>一</u><sup>1.081</sup> <u>次</u><sup>2.503</sup> <span class='target'>角球</span> <u>机会</u><sup>4.384</sup> <u>首先</u><sup>3.414</sup> <u>头</u><sup>4.178</sup> <u>球</u><sup>4.985</sup> <u>破门</u><sup>6.182</sup> 。 <u>第26</u><sup>5.127</sup> <u>分钟</u><sup>5.284</sup> <u>时</u><sup>1.893</sup> , <small>重庆 力帆 队队 员 王 锴 利用 对方 守门员 处球</small>""",15.9698214988111,8.69243313403444,NA
"角球/N/XIN_CMN_19960526_wpr/4376","角球/N/XIN_CMN_19960526_wpr/4376","角球","XIN","Mainland","quality","分钟/N;第7/N;一/N;太阳神队/N;次/N;获得/V;号/N;门/N;13/N;混战/N;前/N;机会/N","""<small>了 进攻 速度 , 队员 间 的 配 合 活</small> 了 起来 。 <u>第7</u><sup>3.401</sup> <u>分钟</u><sup>5.284</sup> , <u>太阳神队</u><sup>4.856</sup> <u>获得</u><sup>2.932</sup> <u>一</u><sup>1.081</sup> <u>次</u><sup>2.503</sup> <span class='target'>角球</span> <u>机会</u><sup>4.384</sup> , <u>13</u><sup>1.939</sup> <u>号</u><sup>3.293</sup> 黄启 <u>门</u><sup>3.907</sup> <u>前</u><sup>2.303</sup> 的 <u>混战</u><sup>6.654</sup> 中 <small>, 球 铲 射入 网 , 为 太阳神 队 比分</small>""",37.221075737632,2.04930358815141,NA
"角球/N/XIN_CMN_20010602_wpr/15694","角球/N/XIN_CMN_20010602_wpr/15694","角球","XIN","Mainland","quality","分钟/N;过/V;亚泰队/N;9/N;获/V;仅仅/D;球门/N;对方/N;头/N;埋伏/V;前/N;机会/N;球/N","""<small>次 直接 任意球 机会 , 10 号 戴维 主罚 得分</small> 。 <u>仅仅</u><sup>2.116</sup> <u>过</u><sup>1.604</sup> 了 <u>9</u><sup>2.178</sup> <u>分钟</u><sup>5.284</sup> , 长春 <u>亚泰队</u><sup>5.356</sup> <u>获</u><sup>2.243</sup> <span class='target'>角球</span> <u>机会</u><sup>4.384</sup> , <u>埋伏</u><sup>5.04</sup> <u>对方</u><sup>4.221</sup> <u>球门</u><sup>6.029</sup> <u>前</u><sup>2.303</sup> 的 戴维 <u>头</u><sup>4.178</sup> <u>球</u><sup>4.985</sup> <small>破门 , 分 改写为 3 : 0 。 , 长</small>""",-2.40487405826524,12.902182165908,1
"角球/N/CNA_CMN_19940701_wpr/24998","角球/N/CNA_CMN_19940701_wpr/24998","角球","CNA","Taiwan","quality","分钟/N;最后/N;一/N;红牌/N;前锋/N","""<small>。 不过 六 分钟 后 , 保加利亚队 的 特塔诺夫 判</small> <u>红牌</u><sup>5.773</sup> 驱 出场 。 <u>最后</u><sup>1.14</sup> <u>一</u><sup>1.081</sup> <u>分钟</u><sup>5.284</sup> , <u>一</u><sup>1.081</sup> 个 <span class='target'>角球</span> 右翼 飞到 保加利亚 <u>前锋</u><sup>4.526</sup> 西 拉 柯夫 跟前 , 他 <small>距离 门柱 很 近 的 地方 头鎚 攻门 , 使</small>""",-16.3555538257439,44.8830826885911,NA
"角球/N/CNA_CMN_20020622_wpr/59197","角球/N/CNA_CMN_20020622_wpr/59197","角球","CNA","Taiwan","quality","攻门/V;最后/N;一/N;次/N;机会/N;越过/V;罗/N;头锤/V;攻势/N;次/N;可惜/V","""<small>Hierro ) 上 半 场 有 两 次 绝佳 的</small> <u>攻门</u><sup>6.785</sup> <u>机会</u><sup>4.384</sup> , 包括 伤停 时间 的 <u>最后</u><sup>1.14</sup> <u>一</u><sup>1.081</sup> <u>次</u><sup>2.503</sup> <span class='target'>角球</span> <u>攻势</u><sup>4.069</sup> , <u>可惜</u><sup>3.12</sup> <u>罗</u><sup>1.155</sup> 的 这 两 <u>次</u><sup>2.503</sup> <u>头锤</u><sup>6.4</sup> <u>越过</u><sup>2.753</sup> <small>门楣 。 第四十九 分钟 , 西班牙 获 自由球 机会 ,</small>""",-20.5496359338257,-1.40424259841076,NA
"角球/N/CNA_CMN_19911121_wpr/73728","角球/N/CNA_CMN_19911121_wpr/73728","角球","CNA","Taiwan","quality","分钟/N;号/N;攻势/N;开/V;乱军/V;入网/N;槌/N;之中/N;头/N","""<small>时 一 零 领先 。 下 半 场 , 中华队</small> <u>攻势</u><sup>4.069</sup> 凌厉 , 十五 <u>分钟</u><sup>5.284</sup> , 三 <u>号</u><sup>3.293</sup> 陈淑珠 <u>开</u><sup>1.717</sup> <span class='target'>角球</span> , 周台英 <u>乱军</u><sup>7.265</sup> <u>之中</u><sup>1.216</sup> <u>头</u><sup>4.178</sup> <u>槌</u><sup>6.322</sup> <u>入网</u><sup>5.503</sup> , 打开 中华队 <small>晋级 八强 的 希望 之 门 , 掌声 歇 。</small>""",11.6897683856503,45.1005427702329,NA
"角球/N/XIN_CMN_19950719_wpr/3133","角球/N/XIN_CMN_19950719_wpr/3133","角球","XIN","Mainland","quality","利用/V;四川队/N;短/V;发/V;次/N;分/V;致胜/V;机会/N;获得/V","""<small>分列 第三 、 第四 名 。 今天 下午 进行 的</small> 冠军 争夺战 中 , <u>四川队</u><sup>4.341</sup> <u>利用</u><sup>3.365</sup> 两 <u>次</u><sup>2.503</sup> <u>发</u><sup>2.277</sup> <u>短</u><sup>3.555</sup> <span class='target'>角球</span> 的 <u>机会</u><sup>4.384</sup> <u>获得</u><sup>2.932</sup> <u>致胜</u><sup>4.021</sup> 的 两 <u>分</u><sup>2.582</sup> , 从而 走上 <small>冠军 领 奖 台 。 获得 本 届 锦标赛 第五</small>""",27.9805929147767,-18.120100068718,NA
"角球/N/CNA_CMN_19911118_wpr/46390","角球/N/CNA_CMN_19911118_wpr/46390","角球","CNA","Taiwan","quality","防守/V;射门/V;失误/N;次/N;禁区/N;义队/N;次/N;球/N","""<small>: 攻入 对方 前 场 三十四 次 , 本 方</small> <u>禁区</u><sup>5.447</sup> <u>防守</u><sup>3.95</sup> <u>失误</u><sup>2.875</sup> 七 <u>次</u><sup>2.503</sup> , <u>射门</u><sup>6.632</sup> 十七 <u>次</u><sup>2.503</sup> , <span class='target'>角球</span> 二 <u>次</u><sup>2.503</sup> 。 个人 包办 三 <u>球</u><sup>4.985</sup> 的 <u>义队</u><sup>6.389</sup> 九 <small>号 莫拉塞 , 纵横 全 场 , 锐 , 是</small>""",-26.0153811309245,-14.0676277233252,NA
"角球/N/XIN_CMN_20020618_wpr/43395","角球/N/XIN_CMN_20020618_wpr/43395","角球","XIN","Mainland","quality","开出/V;一/N;进/V;球/N;队/N","""<small>场 比赛 中 , 托蒂 的 组织 非常 有 威胁</small> , 维埃里 <u>进</u><sup>1.554</sup> 的 <u>一</u><sup>1.081</sup> <u>球</u><sup>4.985</sup> 就是 他 <u>开出</u><sup>5.376</sup> 的 <span class='target'>角球</span> 。 但 全 <u>队</u><sup>2.938</sup> 体力 消耗 最 大 的 时刻 <small>, 他 罚 下场 , 给 球队 带来 心理 压力</small>""",13.8942933811726,-18.7242325484733,NA
"角球/N/XIN_CMN_19910124_wpr/95","角球/N/XIN_CMN_19910124_wpr/95","角球","XIN","Mainland","quality","利用/V;分钟/N;7/N;时/N;朝鲜队/N;发/V;进行到/V;分钟/N;一/N;后/N;攻进/V;19/N;机会/N;球/N","""<small>踢 得 比较 谨慎 , 上半时 破门 。 下 半</small> <u>时</u><sup>1.893</sup> <u>进行到</u><sup>5.575</sup> <u>7</u><sup>2.188</sup> <u>分钟</u><sup>5.284</sup> <u>时</u><sup>1.893</sup> , 南 <u>朝鲜队</u><sup>3.934</sup> <u>利用</u><sup>3.365</sup> <u>发</u><sup>2.277</sup> <span class='target'>角球</span> 的 <u>机会</u><sup>4.384</sup> <u>攻进</u><sup>5.023</sup> <u>一</u><sup>1.081</sup> <u>球</u><sup>4.985</sup> ; <u>19</u><sup>1.632</sup> <u>分钟</u><sup>5.284</sup> <u>后</u><sup>1.317</sup> , <small>中国队 利用 发 任意球 的 机会 , 6 号 韩金明</small>""",14.927582885133,-1.15719568951361,NA
"角球/N/CNA_CMN_19990412_wpr/119726","角球/N/CNA_CMN_19990412_wpr/119726","角球","CNA","Taiwan","quality","分钟/N;下/V;一/N;城/N;起脚/V;右边/N;门柱/N;吊/V","""<small>分钟 景文 「 小 猴子 」 洪丽敏 中间 十二 码</small> <u>起脚</u><sup>4.806</sup> <u>下</u><sup>3.484</sup> <u>一</u><sup>1.081</sup> <u>城</u><sup>2.768</sup> , 七十三 <u>分钟</u><sup>5.284</sup> 景文 谢素贞 <u>右边</u><sup>4.661</sup> <span class='target'>角球</span> <u>吊</u><sup>4.452</sup> 第二 根 <u>门柱</u><sup>5.666</sup> , 陈 淑菁 迎顶 挂网 , <small>八 分钟 后 景文 大脚吊入 铭传 十八 码 禁区 陈</small>""",15.3263103197272,30.5279919564518,NA
"角球/N/CNA_CMN_20020612_wpr/145049","角球/N/CNA_CMN_20020612_wpr/145049","角球","CNA","Taiwan","quality","踢/V;后卫/N;发/V;土耳其队/N;巴西队/N","""<small>公平 公正 的 判决 。 , 球赛 结束 时 ,</small> <u>土耳其队</u><sup>4.129</sup> <u>后卫</u><sup>4.988</sup> 哈坎 勐将球 <u>踢</u><sup>4.415</sup> 身处 界 外 准备 <u>发</u><sup>2.277</sup> <span class='target'>角球</span> 的 <u>巴西队</u><sup>3.419</sup> 李 瓦度 腿 上 , 李 瓦 度赛 <small>过 好莱坞 演员 的 捧面 诈伤 的 演技 下 ,</small>""",-25.4337025314382,-37.249408415321,NA
"角球/N/XIN_CMN_20040722_wpr/58628","角球/N/XIN_CMN_20040722_wpr/58628","角球","XIN","Mainland","quality","分钟/N;最后/N;一/N;次/N;头/N;用/V;球/N","""<small>欢呼 。 但 全 场 表现 平平 的 伊拉克队 后</small> 腰 阿布蒂 <u>最后</u><sup>1.14</sup> <u>一</u><sup>1.081</sup> <u>分钟</u><sup>5.284</sup> 爆发 了 , <u>一</u><sup>1.081</sup> <u>次</u><sup>2.503</sup> <span class='target'>角球</span> 配合 中 , 他 狠狠 地 <u>用</u><sup>1.245</sup> <u>头</u><sup>4.178</sup> <u>球</u><sup>4.985</sup> 砸进 <small>了 球门 , 为 伊拉克队 砸出 了 一 个 圆满</small>""",14.3138575468929,14.3188588621269,NA
"角球/N/XIN_CMN_19990705_wpr/27054","角球/N/XIN_CMN_19990705_wpr/27054","角球","XIN","Mainland","quality","分钟/N;攻/V;后/N;11/N;中国队/N;球入网/N;获得/N;球门/N;顶出/V;对方/N;中国队/N;发/V;前/N;机会/N;球/N","""<small>, 队长 孙雯 得 球 后 冷静 地 球 拨</small> , <u>攻</u><sup>3.656</sup> <u>球入网</u><sup>7.445</sup> 。 <u>11</u><sup>2.41</sup> <u>分钟</u><sup>5.284</sup> <u>后</u><sup>1.317</sup> , <u>中国队</u><sup>3.712</sup> <u>获得</u><sup>3.216</sup> <span class='target'>角球</span> <u>机会</u><sup>4.384</sup> , <u>球</u><sup>4.985</sup> <u>发</u><sup>2.277</sup> <u>对方</u><sup>4.221</sup> <u>球门</u><sup>6.029</sup> <u>前</u><sup>2.303</sup> <u>顶出</u><sup>8.252</sup> , <u>中国队</u><sup>3.712</sup> <small>中场 灵 魂 人物 、 老将 刘 爱玲 球门 25</small>""",-6.09955774547333,9.23258187159153,NA
"角球/N/XIN_CMN_19951015_wpr/3107","角球/N/XIN_CMN_19951015_wpr/3107","角球","XIN","Mainland","quality","连/C;多次/V;万达队/N;破网/N;劲射/V;获得/V;任意球/N;开花/V;没/V","""<small>“ 金 左脚 ” 马明宇 一 记 漂亮 的 左脚</small> <u>劲射</u><sup>5.453</sup> <u>破网</u><sup>6.768</sup> 。 而 大 <u>连</u><sup>1.087</sup> <u>万达队</u><sup>4.837</sup> 虽 <u>获得</u><sup>2.932</sup> <u>多次</u><sup>2.567</sup> <span class='target'>角球</span> 、 <u>任意球</u><sup>6.848</sup> , 但 只 <u>开花</u><sup>3.35</sup> 结果 , <u>没</u><sup>1.088</sup> 有 <small>形成 的 威胁 。 广东 宏远队 守门员 在下 半 时</small>""",-31.0258388025745,1.0213922383833,NA
"角球/N/CNA_CMN_20020622_wpr/59270","角球/N/CNA_CMN_20020622_wpr/59270","角球","CNA","Taiwan","quality","得/V;一/N;分机/N;开/V;次/N;挡/V;射门/V;后卫/N;下/N","""<small>一 次 领先 的 良机 。 南韩 第六十七 分钟 ,</small> 有 <u>一</u><sup>1.081</sup> <u>次</u><sup>2.503</sup> 相当 好 的 <u>得</u><sup>2.58</sup> <u>分机</u><sup>5.288</sup> , <u>开</u><sup>1.717</sup> <span class='target'>角球</span> 之后 , 李天秀 <u>射门</u><sup>6.632</sup> , 西班牙 <u>后卫</u><sup>4.988</sup> <u>挡</u><sup>3.161</sup> <u>下</u><sup>1.182</sup> , <small>球 落 朴智星 的 脚 下 , 补上 一 脚</small>""",-17.772202208049,-20.6933678206506,NA
"角球/N/XIN_CMN_19960630_wpr/10321","角球/N/XIN_CMN_19960630_wpr/10321","角球","XIN","Mainland","quality","号/N;5/N;主罚/V;客队/N;队/N;门/N;攻门/V;时/N;下/N;半/N;前头/N;破网/N;球/N","""<small>地 为主队 加油 助威 。 上半场 比赛 38 分钟 时</small> , <u>客队</u><sup>5.328</sup> <u>5</u><sup>2.023</sup> <u>号</u><sup>3.293</sup> 克劳迪斯 本 <u>队</u><sup>2.938</sup> <u>主罚</u><sup>6.16</sup> 第五 个 <span class='target'>角球</span> <u>时</u><sup>1.893</sup> , <u>门</u><sup>3.907</sup> <u>前头</u><sup>5.728</sup> <u>球</u><sup>4.985</sup> <u>攻门</u><sup>6.785</sup> <u>破网</u><sup>6.768</sup> 。 <u>下</u><sup>1.182</sup> <u>半</u><sup>2.47</sup> <small>场 比赛 第18 分钟 , 客 队 11 号 克里斯</small>""",-26.1331605177724,4.3979552457217,NA
"角球/N/CNA_CMN_19980614_wpr/795","角球/N/CNA_CMN_19980614_wpr/795","角球","CNA","Taiwan","quality","分钟/N;后/N;中场/N;锋/N;前/N","""<small>错 位置 的 鲁法伊 抢救 不及 。 不过 , 西班牙</small> 的 快乐 很 短暂 , 三 <u>分钟</u><sup>5.284</sup> <u>后</u><sup>1.317</sup> 奈及利亚队 阿德波祖发 <span class='target'>角球</span> , <u>中场</u><sup>3.722</sup> 拉瓦尔 西班牙 的 耶尔罗 与 <u>前</u><sup>2.303</sup> <u>锋</u><sup>3.183</sup> 奇柯 <small>间 卡位 , 头 槌 攻门 , 西班牙 费雷尔 想</small>""",-11.9485546360344,41.5080011199344,NA
"角球/N/CNA_CMN_19941210_wpr/72835","角球/N/CNA_CMN_19941210_wpr/72835","角球","CNA","Taiwan","quality","顶进/V;分钟/N;左边/N;漂亮/V;前/N;终场/N","""<small>商专 开赛 四 分钟 左边 底线 吊 第二 根 门柱</small> , 廖 樱湾冲 <u>前</u><sup>2.303</sup> <u>漂亮</u><sup>3.203</sup> <u>顶进</u><sup>6.87</sup> , 二十六 <u>分钟</u><sup>5.284</sup> <u>左边</u><sup>5.486</sup> <span class='target'>角球</span> 吊远 柱 , 黄春兰 迎顶 挂网 , <u>终场</u><sup>3.674</sup> 二 ○ <small>击败 醒吾 高中 。 中山 先于 二十五 分 钟由翁 婷婷</small>""",27.5891716478824,34.6559587031467,NA
"角球/N/XIN_CMN_20000319_wpr/2527","角球/N/XIN_CMN_20000319_wpr/2527","角球","XIN","Mainland","quality","分钟/N;主罚/V;时/N;攻势/N;第七十九/N;抢/V;攻门/V;头/N;点/N;前/N;球/N","""<small>有 生气 , 一度 压制住 了 大连 德 队 的</small> <u>攻势</u><sup>4.069</sup> 。 但 <u>第七十九</u><sup>5.496</sup> <u>分钟</u><sup>5.284</sup> <u>时</u><sup>1.893</sup> , 李 明 <u>主罚</u><sup>6.16</sup> <span class='target'>角球</span> , 张 恩 华 <u>抢</u><sup>3.946</sup> <u>前</u><sup>2.303</sup> <u>点</u><sup>1.491</sup> <u>头</u><sup>4.178</sup> <u>球</u><sup>4.985</sup> <u>攻门</u><sup>6.785</sup> <small>得手 , 比分 改写为 2 : 0 。 深圳 平安队</small>""",-20.5536744605528,6.98929251717348,NA
"角球/N/XIN_CMN_19980726_wpr/55790","角球/N/XIN_CMN_19980726_wpr/55790","角球","XIN","Mainland","quality","分钟/N;3/N;后/N;获得/V;挪威队/N;球门/N;一/N;赵利红/N;脚/N;传到/V;机会/N;球/N","""<small>彼得森 补 射入 网 , 挪威队 1 分 。 中国队</small> 失分 <u>后</u><sup>1.317</sup> 提高 了 警惕 , <u>3</u><sup>1.993</sup> <u>分钟</u><sup>5.284</sup> <u>后</u><sup>1.317</sup> <u>获得</u><sup>2.932</sup> <span class='target'>角球</span> <u>机会</u><sup>4.384</sup> , <u>赵利红</u><sup>7.007</sup> <u>一</u><sup>1.081</sup> <u>脚</u><sup>3.551</sup> <u>球</u><sup>4.985</sup> <u>传到</u><sup>3.635</sup> <u>挪威队</u><sup>4.16</sup> <u>球门</u><sup>6.029</sup> 中央 <small>; 范运杰 跃起 两 位 高大 的 挪威 球员 中间</small>""",-1.0857382999876,6.6965411393072,NA
"角球/N/CNA_CMN_20040827_wpr/53583","角球/N/CNA_CMN_20040827_wpr/53583","角球","CNA","Taiwan","quality","分钟/N;一/N;第二十二/N;次/N;获得/V;老将/N;开球/V;禁区/N;机会/N","""<small>延长赛 。 延长赛 后段 , 巴西 球员 明显 体力 不继</small> , 延长赛 <u>第二十二</u><sup>3.699</sup> <u>分钟</u><sup>5.284</sup> , 美 国 <u>获得</u><sup>2.932</sup> <u>一</u><sup>1.081</sup> <u>次</u><sup>2.503</sup> <span class='target'>角球</span> <u>机会</u><sup>4.384</sup> , <u>老将</u><sup>3.439</sup> 莉莉 <u>开球</u><sup>3.711</sup> 到 <u>禁区</u><sup>5.447</sup> , 瓦蓓珂 适时 <small>跳 起头 垂 建功 , 为 美国 取得 二 一</small>""",22.7365843001066,-3.33380579943559,NA
"角球/N/CNA_CMN_19960727_wpr/4514","角球/N/CNA_CMN_19960727_wpr/4514","角球","CNA","Taiwan","quality","边/N;利/V;一/N","""<small>落败 , 第二 盘 六 二 得手 后 由于 太</small> 热 体力 不继 , 加上 费南德 兹 运用 两 <u>边</u><sup>1.068</sup> <span class='target'>角球</span> 而 疲于奔命 之下 , <u>一</u><sup>1.081</sup> 六 决胜 盘失 <u>利</u><sup>1.363</sup> 。 <small>王思婷 今天 费南德兹 之 役 , 在 亚特兰大 石头 山公</small>""",26.4524790187793,22.9967183274745,NA
"角球/N/CNA_CMN_20020603_wpr/3632","角球/N/CNA_CMN_20020603_wpr/3632","角球","CNA","Taiwan","quality","分钟/N;英格兰队/N;时/N;得到/N;一/N;发/V;次/N;不错/V;角度/N;机会/N","""<small>贝克汉 的 表现 无 独特 之 处 , 但是 比赛</small> 进行至 二十四 <u>分钟</u><sup>5.284</sup> <u>时</u><sup>1.893</sup> , <u>英格兰队</u><sup>3.533</sup> <u>得到</u><sup>1.004</sup> <u>一</u><sup>1.081</sup> <u>次</u><sup>2.503</sup> <u>发</u><sup>2.277</sup> <span class='target'>角球</span> 的 <u>机会</u><sup>4.384</sup> , 贝克汉 发球 切入 的 <u>角度</u><sup>1.656</sup> 相当 <u>不错</u><sup>1.419</sup> <small>, 后卫 坎贝尔 头 槌 破网 得分 。 教练 艾利克森</small>""",29.2885880930353,-9.47282261132558,7
"角球/N/XIN_CMN_19970525_wpr/13852","角球/N/XIN_CMN_19970525_wpr/13852","角球","XIN","Mainland","quality","开出/V;分/N;钟/N;队员/N;第37/N;一/N;球/N;上半时/N;号/N;一/N;11/N;轻松/V;球/N;攻入/V","""<small>分钟 后 , 海牛队 的 15 号 乔伦 回敬 了</small> <u>一</u><sup>1.081</sup> <u>球</u><sup>4.985</sup> 。 <u>第37</u><sup>4.987</sup> <u>分</u><sup>1.421</sup> <u>钟</u><sup>4.107</sup> 香港 愉园队 <u>队员</u><sup>2.943</sup> <u>开出</u><sup>5.376</sup> <span class='target'>角球</span> , <u>11</u><sup>2.41</sup> <u>号</u><sup>3.293</sup> 颠尼 <u>轻松</u><sup>1.697</sup> <u>攻入</u><sup>5.121</sup> <u>一</u><sup>1.081</sup> <u>球</u><sup>4.985</sup> 。 <u>上半时</u><sup>4.89</sup> <small>结束 前 香港 愉园队 20 号 队员 一 个 鱼跃冲顶</small>""",9.96586300584572,-13.7749976992178,4
"角球/N/CNA_CMN_19990714_wpr/67521","角球/N/CNA_CMN_19990714_wpr/67521","角球","CNA","Taiwan","quality","分钟/N;踢进/V;纪录/N;一/N;后/N;比赛/N;乌拉圭队/N;首开/V;分钟/N;后/N;智利队/N;次/N","""<small>蓝波 的 防守 下 , 乌拉圭队 全 力 反攻 。</small> <u>比赛</u><sup>1.944</sup> 开始 <u>后</u><sup>1.317</sup> 二十二 <u>分钟</u><sup>5.284</sup> <u>乌拉圭队</u><sup>3.797</sup> <u>首开</u><sup>5.142</sup> <u>纪录</u><sup>1.394</sup> <u>踢进</u><sup>4.235</sup> <u>一</u><sup>1.081</sup> <span class='target'>角球</span> , 四 <u>分钟</u><sup>5.284</sup> <u>后</u><sup>1.317</sup> <u>智利队</u><sup>3.923</sup> 有 两 <u>次</u><sup>2.503</sup> 很 好 <small>的 机会 , 但 有成 功 , 第六十 分钟 ,</small>""",9.43259214821712,-27.0950666589036,NA
"角球/N/XIN_CMN_19920120_wpr/40078","角球/N/XIN_CMN_19920120_wpr/40078","角球","XIN","Mainland","quality","分钟/N;对手/N;周旋/V;第十一/N;上半场/N;开出/V;号/N;9/N;后/N;机会/N;球/N","""<small>样子 。 但是 科威特队 表现 得 很 沉稳 , 耐心</small> 与 <u>对手</u><sup>2.666</sup> <u>周旋</u><sup>4.466</sup> 。 <u>上半场</u><sup>5.244</sup> <u>第十一</u><sup>2.256</sup> <u>分钟</u><sup>5.284</sup> , 科 队获得发 <span class='target'>角球</span> <u>机会</u><sup>4.384</sup> , <u>球</u><sup>4.985</sup> <u>开出</u><sup>5.376</sup> <u>后</u><sup>1.317</sup> , <u>9</u><sup>2.178</sup> <u>号</u><sup>3.293</sup> 哈迪亚赫 . <small>阿里 犹豫 , 拔脚 劲射 , 破门 得分 。 第三十一</small>""",12.6292502434698,-8.569481858106,NA
"角球/N/XIN_CMN_20030315_wpr/54034","角球/N/XIN_CMN_20030315_wpr/54034","角球","XIN","Mainland","quality","分钟/N;时/N;防守/V;第37/N;队/N;混战/N;时/N;一/N;内/N;禁区/N;场/N","""<small>的 攻势 明显 更加 顺畅 。 疲 防守 的 波鸿队</small> <u>第37</u><sup>4.987</sup> <u>分钟</u><sup>5.284</sup> <u>时</u><sup>1.893</sup> 出现 疏漏 , <u>防守</u><sup>3.95</sup> 拜仁 <u>队</u><sup>2.938</sup> 的 <span class='target'>角球</span> <u>时</u><sup>1.893</sup> 引起 <u>禁区</u><sup>5.447</sup> <u>内</u><sup>1.136</sup> <u>一</u><sup>1.081</sup> <u>场</u><sup>2.471</sup> <u>混战</u><sup>6.654</sup> , 导致 波鸿队 <small>的 杜金霍芬忙中 出错 , 一 个 乌龙球 帮助 拜仁 分</small>""",-19.464960175741,16.9925039253348,NA
"角球/N/XIN_CMN_19970328_wpr/2244","角球/N/XIN_CMN_19970328_wpr/2244","角球","XIN","Mainland","quality","开出/V;分钟/N;仅/D;开/V;国安队/N;场/N;直接/V;下/N;半/N;场/N;得分/N","""<small>队名 唐晓程 和 刘越 伤 上场 , 实力 受到 影响</small> 。 <u>开</u><sup>1.717</sup> <u>场</u><sup>2.471</sup> <u>仅</u><sup>1.918</sup> 四 <u>分钟</u><sup>5.284</sup> , <u>国安队</u><sup>5.415</sup> 胡建平 <u>开出</u><sup>5.376</sup> <span class='target'>角球</span> <u>直接</u><sup>1.964</sup> <u>得分</u><sup>4.178</sup> , <u>下</u><sup>1.182</sup> <u>半</u><sup>2.47</sup> <u>场</u><sup>2.471</sup> “ 快 马 ” <small>谢峰 跟上 球 封堵 进网 。 一 分钟 后 ,</small>""",18.3786461280636,-10.5972320615236,NA
"角球/N/CNA_CMN_19980611_wpr/744","角球/N/CNA_CMN_19980611_wpr/744","角球","CNA","Taiwan","quality","利用/V;队友/N;一/N;后/N;踢进/V;纪录/N;首开/V;得分/N","""<small>冠军 五 虎将 的 丰采 。 , 开赛 四 分钟</small> <u>后</u><sup>1.317</sup> , 巴西 的 森 派欧 <u>利用</u><sup>3.365</sup> <u>队友</u><sup>5.247</sup> <u>一</u><sup>1.081</sup> 个 <span class='target'>角球</span> <u>得分</u><sup>4.178</sup> <u>首开</u><sup>5.142</sup> <u>纪录</u><sup>1.394</sup> , <u>踢进</u><sup>4.235</sup> 本 届 世界盃 足球赛 第一 <small>分 。 但 上 半 场 结束 前 七 分钟</small>""",5.27393246007365,-23.9790555459961,NA
"角球/N/XIN_CMN_20000520_wpr/5296","角球/N/XIN_CMN_20000520_wpr/5296","角球","XIN","Mainland","quality","利用/V;分钟/N;时/N;战术/N;一/N;次/N;国力队/N;陕西/N;第二十六/N;号/N;攻门/V;混战/N;得手/V;马科斯/N;15/N","""<small>次 反击 吹 响 了 主队 进攻 的 号角 。</small> <u>第二十六</u><sup>3.783</sup> <u>分钟</u><sup>5.284</sup> <u>时</u><sup>1.893</sup> , <u>陕西</u><sup>2.071</sup> <u>国力队</u><sup>4.904</sup> <u>利用</u><sup>3.365</sup> <u>一</u><sup>1.081</sup> <u>次</u><sup>2.503</sup> <u>战术</u><sup>4.213</sup> <span class='target'>角球</span> , <u>15</u><sup>1.581</sup> <u>号</u><sup>3.293</sup> <u>马科斯</u><sup>4.6</sup> <u>混战</u><sup>6.654</sup> 中 <u>攻门</u><sup>6.785</sup> <u>得手</u><sup>4.454</sup> 。 舜天 <small>队 回过神 , 是 马科斯 接 队友 的 一 记</small>""",-14.8955836647024,17.1315764426908,NA
"角球/N/XIN_CMN_20030712_wpr/24087","角球/N/XIN_CMN_20030712_wpr/24087","角球","XIN","Mainland","quality","分钟/N;5/N;4/N;下/N;前/N;获得/V;传/V","""<small>援 外 , 众多 新老 国脚 发 , 老将 刘英</small> 的 率领 <u>下</u><sup>1.182</sup> , <u>前</u><sup>2.303</sup> <u>5</u><sup>2.023</sup> <u>分钟</u><sup>5.284</sup> <u>获得</u><sup>2.932</sup> <u>4</u><sup>2.01</sup> 个 <span class='target'>角球</span> 。 而 河南队 积水 成片 的 草坪 上 , <u>传</u><sup>1.788</sup> <small>接球 失误 频频 , 很 难 组织 起 有效 的</small>""",-23.9803413300338,29.7222333062331,NA
"角球/N/CNA_CMN_19911118_wpr/46364","角球/N/CNA_CMN_19911118_wpr/46364","角球","CNA","Taiwan","quality","射门/V;失/V;次/N;义队/N;对方/N;次/N;前/N;场/N;攻入/V","""<small>对方 前 场 九 次 , 本 方 禁区 防守</small> 严重 <u>失</u><sup>1.816</sup> 误 十七 <u>次</u><sup>2.503</sup> , <u>射门</u><sup>6.632</sup> 六 <u>次</u><sup>2.503</sup> , <span class='target'>角球</span> 零 。 <u>义队</u><sup>6.389</sup> : <u>攻入</u><sup>5.121</sup> <u>对方</u><sup>4.221</sup> <u>前</u><sup>2.303</sup> <u>场</u><sup>2.471</sup> 三十四 <u>次</u><sup>2.503</sup> <small>, 本 方 禁区 防守 失误 七 次 , 射门</small>""",-21.4788331957499,-9.59954437473982,3
"角球/N/CNA_CMN_19960211_wpr/52979","角球/N/CNA_CMN_19960211_wpr/52979","角球","CNA","Taiwan","quality","左边/N;分/N;钟/N;下/N;半/N;场/N;入网/N;下/V;终场/N;一/N;城/N;头顶/N","""<small>台 电 陈俊明 二十 码 自由球 入网 , 打破 僵局</small> , <u>下</u><sup>1.182</sup> <u>半</u><sup>2.47</sup> <u>场</u><sup>2.471</sup> 十一 <u>分</u><sup>1.421</sup> <u>钟</u><sup>4.107</sup> 吴国 明 <u>左边</u><sup>5.486</sup> <span class='target'>角球</span> <u>头顶</u><sup>5.563</sup> <u>入网</u><sup>5.503</sup> <u>下</u><sup>3.484</sup> <u>一</u><sup>1.081</sup> <u>城</u><sup>2.768</sup> , <u>终场</u><sup>3.674</sup> 二 零 胜 <small>陆光 , 获得 联队 冠军 。 大同 与 铭传 之</small>""",23.032156479393,31.2638478959884,2
"角球/N/CNA_CMN_20020528_wpr/84964","角球/N/CNA_CMN_20020528_wpr/84964","角球","CNA","Taiwan","quality","踢/V;射门/V;练习/V","""<small>: 「 今天 早上 贝克汉 参加 了 一 场 练习</small> , 他 参与 。 」 「 他 <u>踢</u><sup>4.415</sup> 了 一些 <span class='target'>角球</span> , 并 <u>练习</u><sup>2.753</sup> <u>射门</u><sup>6.632</sup> 和 练跑 。 」 「 因此 <small>, 希望 今天 下午 或 明天 早上 他 参加 。</small>""",-24.8896382237953,-21.8867994160839,NA
"角球/N/XIN_CMN_19950226_wpr/4555","角球/N/XIN_CMN_19950226_wpr/4555","角球","XIN","Mainland","quality","分钟/N;入/V;时/N;纪录/N;开/V;门/N;接应/V;前锋/N;前/N","""<small>香港队 争夺 第三 名 的 比赛 下午 开始 。 主队</small> 两 <u>分钟</u><sup>5.284</sup> <u>时</u><sup>1.893</sup> <u>开</u><sup>1.717</sup> <u>纪录</u><sup>1.394</sup> 。 <u>入</u><sup>1.957</sup> 香港籍 的 山度士开 <span class='target'>角球</span> , <u>前锋</u><sup>4.526</sup> 欧伟伦 <u>门</u><sup>3.907</sup> <u>前</u><sup>2.303</sup> <u>接应</u><sup>4.775</sup> , 实际 只 碰 <small>了 一下 , 球 进入 中国队 大 门 。 到</small>""",-3.57953092366242,33.2850994591106,NA
"角球/N/XIN_CMN_20020518_wpr/37819","角球/N/XIN_CMN_20020518_wpr/37819","角球","XIN","Mainland","quality","开出/V;底线/N;后/N;弹出/V;击中/V;球/N;横梁/N;门/N;槌/N;头/N;埋伏/V;前/N","""<small>罚球区 接 队友 妙传 施射 , 意大利 门将 布丰 扑救</small> , <u>球</u><sup>4.985</sup> <u>击中</u><sup>2.838</sup> <u>横梁</u><sup>5.303</sup> <u>后</u><sup>1.317</sup> <u>弹出</u><sup>4.95</sup> <u>底线</u><sup>4.841</sup> 。 扬库洛夫斯基 <u>开出</u><sup>5.376</sup> <span class='target'>角球</span> , <u>埋伏</u><sup>5.04</sup> <u>门</u><sup>3.907</sup> <u>前</u><sup>2.303</sup> 的 斯米 切尔 <u>头</u><sup>4.178</sup> <u>槌</u><sup>6.322</sup> 建攻 <small>, 攻入 了 全 场 的 进球 。 下 半</small>""",10.037015253467,37.4976608527225,NA
"角球/N/XIN_CMN_20040325_wpr/89037","角球/N/XIN_CMN_20040325_wpr/89037","角球","XIN","Mainland","quality","20/N;利用/V;分钟/N;命中/V;后/N;下/V;1/N;2/N;一/N;城/N;机会/N","""<small>罚 下 , 送给 对方 一 个 点 球 ,</small> 德 罗巴主罚 <u>命中</u><sup>3.95</sup> 。 <u>20</u><sup>1.42</sup> <u>分钟</u><sup>5.284</sup> <u>后</u><sup>1.317</sup> 。 马赛队 <u>利用</u><sup>3.365</sup> <span class='target'>角球</span> <u>机会</u><sup>4.384</sup> <u>下</u><sup>3.484</sup> <u>一</u><sup>1.081</sup> <u>城</u><sup>2.768</sup> , <u>2</u><sup>2.147</sup> : <u>1</u><sup>1.692</sup> 胜出 。 <small>另外 三 场 比赛 中 , 西班牙 马洛 卡队 主场</small>""",25.1391341410931,11.3328425018094,NA
"角球/N/CNA_CMN_20040818_wpr/57213","角球/N/CNA_CMN_20040818_wpr/57213","角球","CNA","Taiwan","quality","时/N;一/N;短/V;中国队/N;次/N;场/N;比赛/N;门/N;打进/V;巧妙/V;前/N;配合/N;球/N","""<small>转身 打门 成功 ﹐ 中国队 取得 领先 。 上 半</small> <u>场</u><sup>2.471</sup> <u>比赛</u><sup>1.944</sup> 结束 <u>时</u><sup>1.893</sup> ﹐ <u>中国队</u><sup>3.712</sup> 通过 <u>一</u><sup>1.081</sup> <u>次</u><sup>2.503</sup> <u>短</u><sup>3.555</sup> <span class='target'>角球</span> 的 <u>配合</u><sup>1.646</sup> ﹐ 傅宝荣 <u>门</u><sup>3.907</sup> <u>前</u><sup>2.303</sup> <u>巧妙</u><sup>3.816</sup> <u>球</u><sup>4.985</sup> <u>打进</u><sup>3.138</sup> , <small>二 零 领先 结束 上 半 场 比赛 。 下</small>""",10.9501577303878,-37.6593913502378,NA
"角球/N/CNA_CMN_20021124_wpr/87587","角球/N/CNA_CMN_20021124_wpr/87587","角球","CNA","Taiwan","quality","分钟/N;第五十五/N;下/N;开/V;半/N;场/N;门/N;乱军/V;之中/N;前/N","""<small>景文 抢胜 , 总教练 谢素贞 重披 战袍 , 景文 攻势</small> 增加 , <u>下</u><sup>1.182</sup> <u>半</u><sup>2.47</sup> <u>场</u><sup>2.471</sup> <u>第五十五</u><sup>4.808</sup> <u>分钟</u><sup>5.284</sup> , 景文 <u>开</u><sup>1.717</sup> <span class='target'>角球</span> , 身材 高大 的 陈鞠伎 <u>门</u><sup>3.907</sup> <u>前</u><sup>2.303</sup> <u>乱军</u><sup>7.265</sup> <u>之中</u><sup>1.216</sup> , <small>扫进 一 球 ; 接着 左 路 前锋 老将 洪丽敏</small>""",12.8426199514221,53.5793227189315,NA
"角球/N/XIN_CMN_20001111_wpr/9434","角球/N/XIN_CMN_20001111_wpr/9434","角球","XIN","Mainland","quality","分钟/N;明显/V;获/V;短/V;优势/N;比赛/N;次数/N;射门/V;大大/V;下/N;半/N;广东队/N;机会/N","""<small>角球 机会 攻破 了 广东队 的 球门 。 上半场 35</small> <u>分钟</u><sup>5.284</sup> <u>比赛</u><sup>1.944</sup> , 吉林队 <u>优势</u><sup>1.564</sup> 十分 <u>明显</u><sup>1.119</sup> , <u>获</u><sup>2.243</sup> <u>短</u><sup>3.555</sup> <span class='target'>角球</span> <u>机会</u><sup>4.384</sup> 和 <u>射门</u><sup>6.632</sup> <u>次数</u><sup>4.606</sup> <u>大大</u><sup>1.368</sup> 超过 <u>广东队</u><sup>4.428</sup> 。 <u>下</u><sup>1.182</sup> <u>半</u><sup>2.47</sup> <small>场 , 广东队 加强 了 攻势 , 打 得 十分</small>""",-0.915030174030129,-9.65086116642828,NA
"角球/N/CNA_CMN_20010427_wpr/172622","角球/N/CNA_CMN_20010427_wpr/172622","角球","CNA","Taiwan","quality","利用/V;分钟/N;开/V;半/N;前/N;场/N;队/N;一/N;城/N;下/N;机会/N;领先/V","""<small>中 犯规 , 判罚 十二码球 , 失去 分 。 土国</small> <u>队</u><sup>2.938</sup> 上 <u>半</u><sup>2.47</sup> <u>场</u><sup>2.471</sup> 终了 <u>前</u><sup>2.303</sup> 三 <u>分钟</u><sup>5.284</sup> <u>利用</u><sup>3.365</sup> <u>开</u><sup>1.717</sup> <span class='target'>角球</span> <u>机会</u><sup>4.384</sup> <u>下</u><sup>1.182</sup> <u>一</u><sup>1.081</sup> <u>城</u><sup>2.768</sup> , 二 零 <u>领先</u><sup>2.272</sup> 。 <u>下</u><sup>1.182</sup> <small>半 场 易边 战 , 土国 队 较 佳 的</small>""",26.8083940622509,5.4818948621577,NA
"角球/N/XIN_CMN_19991022_wpr/12584","角球/N/XIN_CMN_19991022_wpr/12584","角球","XIN","Mainland","quality","对方/N;5/N;4/N;中国队/N;韩国队/N;次/N;前/N","""<small>4 次 , 而 对方 为 6 次 , 中国队</small> 与 <u>对方</u><sup>4.221</sup> 有 差 。 其它 统计 数字 为 : <span class='target'>角球</span> , <u>中国队</u><sup>3.712</sup> <u>5</u><sup>2.023</sup> <u>次</u><sup>2.503</sup> , <u>韩国队</u><sup>3.768</sup> <u>4</u><sup>2.01</sup> <u>次</u><sup>2.503</sup> ; <u>前</u><sup>2.303</sup> <small>场 任意球 , 中国队 6 次 , 韩国队 3 次</small>""",12.4163448228688,-42.3313523246487,NA
"角球/N/CNA_CMN_20020910_wpr/166392","角球/N/CNA_CMN_20020910_wpr/166392","角球","CNA","Taiwan","quality","分钟/N;队友/N;进球/N;第三十三/N;出/V;分钟/N;门/N;中场/N;前/N","""<small>提前 登基 。 台电队 老将 黄哲明 今天 包办 两 个</small> <u>进球</u><sup>4.65</sup> , 表现 十分 <u>出</u><sup>1.157</sup> ; <u>第三十三</u><sup>4.682</sup> <u>分钟</u><sup>5.284</sup> 接获 <u>队友</u><sup>5.247</sup> <span class='target'>角球</span> , <u>门</u><sup>3.907</sup> <u>前</u><sup>2.303</sup> 扫进 , 第五 十五 <u>分钟</u><sup>5.284</sup> <u>中场</u><sup>3.722</sup> 单刀 <small>闯进 禁区 , 闪过 宜青队 门将 之后 , 攻进 第二</small>""",-12.8045221398669,35.6201096335512,NA
"角球/N/CNA_CMN_20020531_wpr/170138","角球/N/CNA_CMN_20020531_wpr/170138","角球","CNA","Taiwan","quality","边/N;一/N;次/N;法国队/N;场/N;比赛/N;获得/V;塞内加尔/N;没/V;角球/N;机会/N","""<small>, 整 场 比赛 , 上帝 站 了 塞内加尔 这</small> <u>一</u><sup>1.081</sup> <u>边</u><sup>1.068</sup> 。 这 <u>场</u><sup>2.471</sup> <u>比赛</u><sup>1.944</sup> <u>法国队</u><sup>3.254</sup> <u>获得</u><sup>2.932</sup> 六 <u>次</u><sup>2.503</sup> <span class='target'>角球</span> <u>机会</u><sup>4.384</sup> , <u>塞内加尔</u><sup>2.753</sup> <u>没</u><sup>1.088</sup> 有 任何 <u>角球</u><sup>6.972</sup> , 但 席丹 <small>缺阵 , 角球 不但 塞内加尔 造成 威胁 , 反而 紧守</small>""",4.3244468349932,-48.5683317475773,NA
"角球/N/CNA_CMN_19950121_wpr/82396","角球/N/CNA_CMN_19950121_wpr/82396","角球","CNA","Taiwan","quality","利用/V;分钟/N;在下/N;开赛/N;一/N;半/N;次/N;场/N;守门员/N;接/V;一/N;脚/N","""<small>球 , 终场 景文 一 球 险胜 。 乙组 凤西</small> <u>在下</u><sup>2.279</sup> <u>半</u><sup>2.47</sup> <u>场</u><sup>2.471</sup> <u>开赛</u><sup>3.494</sup> 四 <u>分钟</u><sup>5.284</sup> , <u>利用</u><sup>3.365</sup> <u>一</u><sup>1.081</sup> <u>次</u><sup>2.503</sup> <span class='target'>角球</span> 吊中 <u>守门员</u><sup>4.634</sup> <u>接</u><sup>3.584</sup> 稳 , 陈新仪 补上 <u>一</u><sup>1.081</sup> <u>脚</u><sup>3.551</sup> , <small>一 比 ○险 胜景 文 。 醒吾 与 长治 之</small>""",19.8347288911544,3.76202776556584,NA
"角球/N/CNA_CMN_20020616_wpr/50221","角球/N/CNA_CMN_20020616_wpr/50221","角球","CNA","Taiwan","quality","分钟/N;半/N;场/N;分钟/N;槌/N;第三十七/N;头/N;前锋/N","""<small>轮 比赛 瑞典 塞内加尔 之 役 今天 下午 日本 大分</small> 登场 , 上 <u>半</u><sup>2.47</sup> <u>场</u><sup>2.471</sup> 开踢 十一 <u>分钟</u><sup>5.284</sup> 瑞典 队开 <span class='target'>角球</span> <u>前锋</u><sup>4.526</sup> 拉森 <u>头</u><sup>4.178</sup> <u>槌</u><sup>6.322</sup> 建 功 驰得点 , <u>第三十七</u><sup>4.093</sup> <u>分钟</u><sup>5.284</sup> <small>塞内加尔 前锋 亨利 卡马 拉射 门 破网 扳回一城 , 上</small>""",5.15675040462464,46.6813543412453,NA
"角球/N/XIN_CMN_20000409_wpr/1186","角球/N/XIN_CMN_20000409_wpr/1186","角球","XIN","Mainland","quality","申花/N;4/N;射门/V;只有/V;次/N;队/N;3/N;仅/D","""<small>射门 次数 多达 20 次 , 角球 有 9 个</small> ; 而 <u>申花</u><sup>4.137</sup> <u>队</u><sup>2.938</sup> 的 <u>射门</u><sup>6.632</sup> <u>只有</u><sup>1.395</sup> <u>4</u><sup>2.01</sup> <u>次</u><sup>2.503</sup> , <span class='target'>角球</span> <u>仅</u><sup>1.918</sup> <u>3</u><sup>1.993</sup> 个 。 辽宁 抚顺队 和 天津泰 达队 下午 <small>漫天 大雪 的 恶劣 天气 下 1 : 1 战平</small>""",-7.09599125397741,-26.700412195395,NA
"角球/N/CNA_CMN_19911118_wpr/53099","角球/N/CNA_CMN_19911118_wpr/53099","角球","CNA","Taiwan","quality","射门/V;失/V;次/N;义队/N;对方/N;次/N;前/N;场/N;攻入/V","""<small>对方 前 场 九 次 , 本 方 禁区 防守</small> 严重 <u>失</u><sup>1.816</sup> 误 十七 <u>次</u><sup>2.503</sup> , <u>射门</u><sup>6.632</sup> 六 <u>次</u><sup>2.503</sup> , <span class='target'>角球</span> 零 。 <u>义队</u><sup>6.389</sup> : <u>攻入</u><sup>5.121</sup> <u>对方</u><sup>4.221</sup> <u>前</u><sup>2.303</sup> <u>场</u><sup>2.471</sup> 三十四 <u>次</u><sup>2.503</sup> <small>, 本 方 禁区 防守 失误 七 次 , 射门</small>""",-26.0182047378107,-8.08847609008049,3
"角球/N/XIN_CMN_19960623_wpr/6912","角球/N/XIN_CMN_19960623_wpr/6912","角球","XIN","Mainland","quality","上半时/N;分钟/N;5/N;主队/N;射门/V;次/N;前/N;8/N;5/N;任意球/N;客/N;射门/V;次/N;队/N","""<small>硬朗 的 天津 三星队 面前 明显 。 统计表 明 :</small> <u>上半时</u><sup>4.89</sup> <u>前</u><sup>2.303</sup> 28 <u>分钟</u><sup>5.284</sup> , <u>主队</u><sup>4.965</sup> <u>射门</u><sup>6.632</sup> <u>5</u><sup>2.023</sup> <u>次</u><sup>2.503</sup> 、 <span class='target'>角球</span> <u>5</u><sup>2.023</sup> <u>次</u><sup>2.503</sup> 、 <u>任意球</u><sup>6.848</sup> <u>8</u><sup>2.132</sup> <u>次</u><sup>2.503</sup> ; <u>客</u><sup>1.434</sup> <u>队</u><sup>2.938</sup> <u>射门</u><sup>6.632</sup> <small>2 次 、 角球 0 次 、 任意球 4 次</small>""",-11.4150495883424,-7.23049925618749,NA
"角球/N/CNA_CMN_20020625_wpr/67668","角球/N/CNA_CMN_20020625_wpr/67668","角球","CNA","Taiwan","quality","门/N;前/N;禁区/N;反而/C","""<small>钟剑武 指出 , 南韩队 体力 好 , 防守 够 严</small> , 但 左右 翼 高吊 <u>门</u><sup>3.907</sup> <u>前</u><sup>2.303</sup> <u>禁区</u><sup>5.447</sup> , 或是 <span class='target'>角球</span> 、 自由球 等 <u>反而</u><sup>1.409</sup> 成为 南韩 的 弱点 , 所以 <small>南韩 让 德国队 攻门 , 中场 、 前锋 球员 开始</small>""",-11.3174257730516,26.090491561195,NA
"角球/N/CNA_CMN_19940703_wpr/6612","角球/N/CNA_CMN_19940703_wpr/6612","角球","CNA","Taiwan","quality","分钟/N;时/N;半/N;场/N;乱军/V;一/N;头/N;顶/N","""<small>。 德国队 领先 放慢 攻势 , 依旧 步步 抢攻 进逼</small> 。 上 <u>半</u><sup>2.47</sup> <u>场</u><sup>2.471</sup> 三十八 <u>分钟</u><sup>5.284</sup> <u>时</u><sup>1.893</sup> , 中锋 勒开 <span class='target'>角球</span> , 佛勒 <u>乱军</u><sup>7.265</sup> 中 临门 <u>一</u><sup>1.081</sup> <u>顶</u><sup>4.489</sup> , <u>头</u><sup>4.178</sup> 鎚 <small>建功 又 下 一 城 , 德国队 三 一 领先</small>""",15.5460573079678,49.4385447492633,5
"角球/N/XIN_CMN_20010426_wpr/73990","角球/N/XIN_CMN_20010426_wpr/73990","角球","XIN","Mainland","quality","利用/V;分钟/N;时/N;上半场/N;第十四/N;队/N;后卫/N;破门/N;机会/N;得分/N","""<small>拼 体力 多于 球技 , 队人高马 大 , 而 客队</small> 技术 优先 。 <u>上半场</u><sup>5.244</sup> <u>第十四</u><sup>2.192</sup> <u>分钟</u><sup>5.284</sup> <u>时</u><sup>1.893</sup> , <u>队</u><sup>2.938</sup> <u>利用</u><sup>3.365</sup> <span class='target'>角球</span> <u>机会</u><sup>4.384</sup> <u>后卫</u><sup>4.988</sup> 安德鲁斯 <u>破门</u><sup>6.182</sup> <u>得分</u><sup>4.178</sup> 。 不过 , 因 中场球 <small>员 伊夫 严重 犯规 红牌 罚 下 , 队 只</small>""",5.70590820726174,-4.77017176884775,NA
"角球/N/XIN_CMN_19970327_wpr/15316","角球/N/XIN_CMN_19970327_wpr/15316","角球","XIN","Mainland","quality","开出/V;队友/N;凭借/V;国脚/N;张恩华/N;一/N;记/N;后卫/N;路/N;进/V;球/N;得分/N","""<small>处理 欠佳 而 破网 。 第五十八 分钟 时 , 大连队</small> <u>国脚</u><sup>3.637</sup> 、 <u>后卫</u><sup>4.988</sup> <u>张恩华</u><sup>6.083</sup> <u>凭借</u><sup>2.768</sup> <u>队友</u><sup>5.247</sup> <u>开出</u><sup>5.376</sup> 的 <u>一</u><sup>1.081</sup> <u>记</u><sup>3.302</sup> <span class='target'>角球</span> , <u>路</u><sup>1.674</sup> 抽射 , <u>进</u><sup>1.554</sup> <u>球</u><sup>4.985</sup> <u>得分</u><sup>4.178</sup> , 使 该 <small>队 最 2 : 0 战胜 了 天津 三星队 。</small>""",1.89206620928298,-18.4145752970108,NA
"角球/N/XIN_CMN_20020502_wpr/28032","角球/N/XIN_CMN_20020502_wpr/28032","角球","XIN","Mainland","quality","发出/V;角球/N;队/N;获得/N;洪都拉斯/N;门/N;日本队/N;直接/V;分/V;顽强/V","""<small>洪都拉斯 的 球门 发起 一次次 进攻 。 第41 分钟 ,</small> 日 本 <u>队</u><sup>2.938</sup> <u>获得</u><sup>3.216</sup> <u>角球</u><sup>6.972</sup> , 中 村俊辅 <u>发出</u><sup>3.093</sup> 的 <span class='target'>角球</span> <u>直接</u><sup>1.964</sup> 旋入 <u>洪都拉斯</u><sup>3.38</sup> 大 <u>门</u><sup>3.907</sup> , <u>日本队</u><sup>3.569</sup> <u>顽强</u><sup>2.447</sup> 地 <u>分</u><sup>2.582</sup> <small>扳平 。 然而 好 景 长 , 上半场 终场 前</small>""",5.02644473873437,-42.783280601152,NA
"角球/N/XIN_CMN_20020604_wpr/55177","角球/N/XIN_CMN_20020604_wpr/55177","角球","XIN","Mainland","quality","0/N;3/N;9/N;犯规/V;16/N;射门/V;射/V;22/N;15/N;黄牌/N;3/N;2/N;红牌/N;乌龙球/N;越位/V;点/N;球/N;10/N","""<small>比赛 的 技术 统计 如下 : 韩国队 波兰队 进球 2</small> <u>0</u><sup>2.03</sup> <u>射门</u><sup>6.632</sup> <u>15</u><sup>1.581</sup> <u>9</u><sup>2.178</sup> <u>射</u><sup>4.878</sup> 正7 <u>3</u><sup>1.993</sup> <u>犯规</u><sup>5.351</sup> <u>16</u><sup>1.764</sup> <u>22</u><sup>1.114</sup> <span class='target'>角球</span> <u>10</u><sup>1.876</sup> <u>2</u><sup>2.147</sup> <u>点</u><sup>1.491</sup> <u>球</u><sup>4.985</sup> <u>越位</u><sup>6.974</sup> <u>乌龙球</u><sup>8.074</sup> <u>黄牌</u><sup>5.014</sup> <u>2</u><sup>2.147</sup> <u>3</u><sup>1.993</sup> <u>红牌</u><sup>5.773</sup> <small>控球 时间 51 % 49 % 中外 三 家 汽车厂商</small>""",-42.354106977435,-14.1973176262699,NA
"角球/N/CNA_CMN_19970509_wpr/13575","角球/N/CNA_CMN_19970509_wpr/13575","角球","CNA","Taiwan","quality","分钟/N;号/N;入网/N;主罚/V;头顶/N;号/N;入/V;吊/V","""<small>守门 冲出 接 球 , 飞驼 二十二 号 林学聪 抢先</small> <u>头顶</u><sup>5.563</sup> <u>入网</u><sup>5.503</sup> 。 四十四 <u>分钟</u><sup>5.284</sup> 飞驼 十七 <u>号</u><sup>3.293</sup> 陈俊宏 <u>主罚</u><sup>6.16</sup> <span class='target'>角球</span> , <u>吊</u><sup>4.452</sup> <u>入</u><sup>1.957</sup> 第一 根 子 , 十五 <u>号</u><sup>3.293</sup> 闻忠 <small>敏于 门 前 头顶 入网 ; 七十七 分 飞驼 二</small>""",18.2186489465676,35.359071616534,NA
"角球/N/CNA_CMN_20021122_wpr/173323","角球/N/CNA_CMN_20021122_wpr/173323","角球","CNA","Taiwan","quality","分钟/N;门/N;队友/N;发/V;前/N;分钟/N;下/V;球门/N;一/N;城/N","""<small>死守 不出 , 不论 攻守 , 但 下 半 场</small> 五十九 <u>分钟</u><sup>5.284</sup> , 醒吾 廖樱湾 <u>门</u><sup>3.907</sup> <u>前</u><sup>2.303</sup> 接获 <u>队友</u><sup>5.247</sup> <u>发</u><sup>2.277</sup> <span class='target'>角球</span> , 扫进 <u>球门</u><sup>6.029</sup> , <u>下</u><sup>3.484</sup> <u>一</u><sup>1.081</sup> <u>城</u><sup>2.768</sup> ; 八十六 <u>分钟</u><sup>5.284</sup> <small>, 醒吾 发 右翼 角球 , 球 飞越 第二 根</small>""",5.32145298528201,23.9307904295895,NA
"角球/N/CNA_CMN_20021122_wpr/173340","角球/N/CNA_CMN_20021122_wpr/173340","角球","CNA","Taiwan","quality","分钟/N;下/V;一/N;城/N;发/V;门柱/N;黄/N;球/N","""<small>门 前 接获 队友 发 角球 , 扫进 球门 ,</small> <u>下</u><sup>3.484</sup> <u>一</u><sup>1.081</sup> <u>城</u><sup>2.768</sup> ; 八十六 <u>分钟</u><sup>5.284</sup> , 醒吾 <u>发</u><sup>2.277</sup> 右翼 <span class='target'>角球</span> , <u>球</u><sup>4.985</sup> 飞越 第二 根 <u>门柱</u><sup>5.666</sup> , <u>黄</u><sup>3.212</sup> 春兰轻 摆入 <small>球 , 攻进 第三 球 , 终场 醒吾 三 零</small>""",11.750563578692,25.3900858066707,NA
"角球/N/XIN_CMN_19991204_wpr/48049","角球/N/XIN_CMN_19991204_wpr/48049","角球","XIN","Mainland","quality","分钟/N;号/N;9/N;战术/N;接到/V;队/N;分钟/N;抢/V;门/N;点头/V;球破门/N;后/N;11/N;前/N","""<small>。 上半场 , 主队 3 : 0 领先 。 第25</small> <u>分钟</u><sup>5.284</sup> , <u>9</u><sup>2.178</sup> <u>号</u><sup>3.293</sup> 周 <u>接到</u><sup>2.822</sup> 本 <u>队</u><sup>2.938</sup> 的 <u>战术</u><sup>4.213</sup> <span class='target'>角球</span> , <u>门</u><sup>3.907</sup> <u>前</u><sup>2.303</sup> <u>抢</u><sup>3.946</sup> <u>点头</u><sup>5.344</sup> <u>球破门</u><sup>7.023</sup> 。 <u>11</u><sup>2.41</sup> <u>分钟</u><sup>5.284</sup> <u>后</u><sup>1.317</sup> <small>, 16 号 沈鸣 下 一 城 。 过 了</small>""",-3.8891686836017,25.9179098235696,NA
"角球/N/XIN_CMN_20030517_wpr/49848","角球/N/XIN_CMN_20030517_wpr/49848","角球","XIN","Mainland","quality","分钟/N;一/N;下/N;仅/D;开/V;半/N;西班牙队/N;场/N;8/N;号/N;一/N;后/N;前/N;狮子/N","""<small>上半场 ( 40 分钟 ) 结束 时 改写 比分 。</small> <u>下</u><sup>1.182</sup> <u>半</u><sup>2.47</sup> <u>场</u><sup>2.471</sup> 开始 <u>仅</u><sup>1.918</sup> <u>一</u><sup>1.081</sup> <u>分钟</u><sup>5.284</sup> , <u>西班牙队</u><sup>2.852</sup> <u>开</u><sup>1.717</sup> <span class='target'>角球</span> <u>后</u><sup>1.317</sup> , <u>8</u><sup>2.132</sup> <u>号</u><sup>3.293</sup> 桑切斯 葡队门 <u>前</u><sup>2.303</sup> <u>一</u><sup>1.081</sup> 个 <u>狮子</u><sup>3.64</sup> <small>甩头 , 球 顶进 葡队 大门 。 但 葡队 让</small>""",33.1827259001038,12.0682585379998,NA
"角球/N/CNA_CMN_20020612_wpr/126868","角球/N/CNA_CMN_20020612_wpr/126868","角球","CNA","Taiwan","quality","射门/V;次/N;获得/N;半/N;次/N","""<small>运气 、 七 分 靠 技术 , 阿 根廷 今天</small> <u>射门</u><sup>6.632</sup> 二十 <u>次</u><sup>2.503</sup> , 瑞典 多 十三 <u>次</u><sup>2.503</sup> , <u>获得</u><sup>3.216</sup> <span class='target'>角球</span> 十一 <u>次</u><sup>2.503</sup> 瑞典 多 七 <u>次</u><sup>2.503</sup> , 但是 上 <u>半</u><sup>2.47</sup> <small>时 无论如何 抢攻 奏效 , 反而 瑞典 中场 安德 .</small>""",-9.88573472336342,-20.2700362838281,NA
"角球/N/CNA_CMN_20020603_wpr/151179","角球/N/CNA_CMN_20020603_wpr/151179","角球","CNA","Taiwan","quality","判/V;裁判/N;巴西队/N;出/V;球/N;裁判/N;犯规/V;一/N;红牌/N","""<small>. 安索 ︵ Hakan Unsal ︶ 和 巴西队 门将 盘球</small> , <u>球</u><sup>4.985</sup> <u>出</u><sup>1.157</sup> 了 界 外 , <u>裁判</u><sup>2.566</sup> <u>判</u><sup>1.557</sup> <u>巴西队</u><sup>3.419</sup> <span class='target'>角球</span> , 结 果安索 <u>犯规</u><sup>5.351</sup> , <u>裁判</u><sup>2.566</sup> 补上 <u>一</u><sup>1.081</sup> 张 <u>红牌</u><sup>5.773</sup> <small>给 哈坎 , 短 时间 内 土耳其队 拿 两 张</small>""",-42.441034703213,-20.8827303341213,8
"角球/N/XIN_CMN_20000929_wpr/21738","角球/N/XIN_CMN_20000929_wpr/21738","角球","XIN","Mainland","quality","分钟/N;3/N;获/V;得了/V;一/N;短/V;号/N;门将/N;射门/V","""<small>2 : 0 。 易边 战 , 澳大利亚队 攻势 减</small> , 到 <u>3</u><sup>1.993</sup> <u>分钟</u><sup>5.284</sup> , <u>获</u><sup>2.243</sup> <u>得了</u><sup>2.364</sup> <u>一</u><sup>1.081</sup> 个 <u>短</u><sup>3.555</sup> <span class='target'>角球</span> , 30 <u>号</u><sup>3.293</sup> 莫里斯 的 大力 <u>射门</u><sup>6.632</sup> 令 阿根廷 <u>门将</u><sup>4.649</sup> <small>安托尼斯卡 望尘莫及 。 比分 落后 的 局面 下 , 阿根廷队</small>""",-6.88589871004142,-11.4105856290459,NA
"角球/N/CNA_CMN_20020603_wpr/93964","角球/N/CNA_CMN_20020603_wpr/93964","角球","CNA","Taiwan","quality","攻势/N;反而/C;次/N;得/D;开/V","""<small>柯瓦奇 各 一 次 攻门 , 较 具 威胁 性</small> 外 , 其他 <u>攻势</u><sup>4.069</sup> 乏善可陈 , <u>反而</u><sup>1.409</sup> 是 十一 <u>次</u><sup>2.503</sup> <span class='target'>角球</span> , <u>开</u><sup>1.717</sup> <u>得</u><sup>1.729</sup> 令 墨西哥佬 胆颤心惊 。 「 老墨 」 <small>的 脚 底 功夫 优于 克罗埃西亚 , 虽然 获得 较</small>""",36.8295228709593,-16.1891194587332,NA
"角球/N/CNA_CMN_20021203_wpr/159046","角球/N/CNA_CMN_20021203_wpr/159046","角球","CNA","Taiwan","quality","分钟/N;开赛/N;赛/V;接应/V;一/N;第八/N;开/V;分钟/N;入网/N;第/N;时/N;劲射/V","""<small>路竹 高中 , 县长 苏焕智 的 助阵 下 , 北门</small> <u>一</u><sup>1.081</sup> <u>开赛</u><sup>3.494</sup> 气势如虹 , <u>开</u><sup>1.717</sup> <u>赛</u><sup>1.57</sup> <u>第八</u><sup>1.566</sup> <u>分钟</u><sup>5.284</sup> 黄子荣 <u>接应</u><sup>4.775</sup> <span class='target'>角球</span> , 第一时间 <u>劲射</u><sup>5.453</sup> <u>入网</u><sup>5.503</sup> ; <u>第</u><sup>2.036</sup> 五十 <u>分钟</u><sup>5.284</sup> <u>时</u><sup>1.893</sup> , <small>黄 正宗 添 一 球 , 终场 北门 二 零</small>""",1.37722631885722,33.5085077107539,NA
"角球/N/CNA_CMN_20020603_wpr/152036","角球/N/CNA_CMN_20020603_wpr/152036","角球","CNA","Taiwan","quality","后/N;踢/V;时/N;后卫/N;踢到/V","""<small>的 是 : 土耳其队 后卫 艾尔培 判 红牌 退 场</small> <u>后</u><sup>1.317</sup> , 意气用事 地 <u>踢</u><sup>4.415</sup> 狠球 , 李瓦度 准备 <u>踢</u><sup>4.415</sup> <span class='target'>角球</span> <u>时</u><sup>1.893</sup> , <u>后卫</u><sup>4.988</sup> 哈坎 勐将球 <u>踢到</u><sup>5.654</sup> 李瓦度 身 上 , <small>李瓦度 干脆 做 二 不休 地 掩面 倒地 , 韩籍主</small>""",-22.2193604490576,-32.6175872729271,NA
"角球/N/XIN_CMN_20020707_wpr/24845","角球/N/XIN_CMN_20020707_wpr/24845","角球","XIN","Mainland","quality","分钟/N;获/V;得/V;一/N;猛攻/V;得球/N;乱军/V;范志毅/N;之中/N;分/V;后/N;右脚/N;劲射/V","""<small>内 。 连 失 两 球 的 中远队 全 线</small> <u>猛攻</u><sup>5.949</sup> 。 第88 <u>分钟</u><sup>5.284</sup> , 中远队 <u>获</u><sup>2.243</sup> <u>得</u><sup>2.58</sup> <u>一</u><sup>1.081</sup> 个 <span class='target'>角球</span> , <u>乱军</u><sup>7.265</sup> <u>之中</u><sup>1.216</sup> <u>范志毅</u><sup>4.791</sup> <u>得球</u><sup>5.24</sup> <u>后</u><sup>1.317</sup> <u>右脚</u><sup>4.401</sup> <u>劲射</u><sup>5.453</sup> <u>分</u><sup>2.582</sup> 改写 <small>为 1 ∶ 2 。 这 是 中远队 与 深圳队</small>""",-12.2448717644773,7.8826502063987,NA
"角球/N/XIN_CMN_19990530_wpr/4903","角球/N/XIN_CMN_19990530_wpr/4903","角球","XIN","Mainland","quality","红桃/N;连续/V;得/D;队/N;K/F;冲顶/N;威胁/N;次/N","""<small>禁区 外挑 射入 网 。 终场 前 , 泰山队 防守</small> 有 些 懈怠 , 武汉 <u>红桃</u><sup>4.627</sup> <u>K</u><sup>2.555</sup> <u>队</u><sup>2.938</sup> <u>连续</u><sup>1.197</sup> <u>得</u><sup>1.729</sup> <span class='target'>角球</span> , 两 <u>次</u><sup>2.503</sup> <u>冲顶</u><sup>6.807</sup> 极 具 <u>威胁</u><sup>2.38</sup> , 反应 敏捷 <small>的 守门员 萨沙 化解 。 泰山队 下 一 轮 的</small>""",20.7900957436348,-32.066690598244,NA
"角球/N/CNA_CMN_20020531_wpr/170153","角球/N/CNA_CMN_20020531_wpr/170153","角球","CNA","Taiwan","quality","塞内加尔/N;没/V;角球/N;塞内加尔/N;城池/N;威胁/N;反而/C;获得/V","""<small>这 场 比赛 法国队 获得 六 次 角球 机会 ,</small> <u>塞内加尔</u><sup>2.753</sup> <u>没</u><sup>1.088</sup> 有 任何 <u>角球</u><sup>6.972</sup> , 但 席丹 缺阵 , <span class='target'>角球</span> 不但 <u>塞内加尔</u><sup>2.753</sup> 造成 <u>威胁</u><sup>2.38</sup> , <u>反而</u><sup>1.409</sup> 紧守 <u>城池</u><sup>4.984</sup> 即可 <u>获得</u><sup>2.932</sup> <small>最后 胜利 。 塞内加尔 二十三 名 球员 中 , 二十一</small>""",-4.33858992171458,-50.19461139297,NA
"角球/N/CNA_CMN_19950604_wpr/6995","角球/N/CNA_CMN_19950604_wpr/6995","角球","CNA","Taiwan","quality","击出/V;漂亮/V;","""<small>截球 , 才 抢得 先机 , 保住 发球局 , 但</small> 张德培 积极 抢攻 , <u>击出</u><sup>2.765</sup> 几 个 <u>漂亮</u><sup>3.203</sup> 的 左右 <span class='target'>角球</span> , 连取 三 局 , 拿下 第二 盘 。 双方 <small>第三 盘 前 六 局 各 有 斩获 , 攻破</small>""",35.3682854910735,33.2541674355771,NA
