,_id,lemma,newspaper,region,formality,_cws.model,_ctxt.model,model.x,model.y,cluster,inout
越位/V/XIN_CMN_19980126_wpr/28096,越位/V/XIN_CMN_19980126_wpr/28096,越位,XIN,Mainland,quality,但/C;裁判员/N;判为/V;攻进/V;队/N;球/N;分钟/N;后/N;队/N,"""<small>观赛 的 当地 球迷 鼓舞 。 3 2 分钟 时</small> , 斯蒂夫尼奇 <u>队</u><sup>2.526</sup> <u>攻进</u><sup>4.956</sup> 一 <u>球</u><sup>4.938</sup> , <u>但</u><sup>1.664</sup> <u>裁判员</u><sup>4.553</sup> <u>判为</u><sup>7.039</sup> <span class='target'>越位</span> 。 一 <u>分钟</u><sup>4.676</sup> <u>后</u><sup>1.054</sup> 该 <u>队</u><sup>2.526</sup> “ 卷土重来 ” , <small>围攻 纽卡斯尔队 大门 , 加 ・ 克劳希尔 一 记 相当</small>""",8.17237808031101,14.8935892338908,NA,NA
越位/V/XIN_CMN_20010405_wpr/66830,越位/V/XIN_CMN_20010405_wpr/66830,越位,XIN,Mainland,quality,分钟/N;前锋/N;优势/N;8/N;号/N;成功/V;轻松/V;进/V;球/N,"""<small>守门员 化解 。 易边 战后 , 巴林队 占据 了 场</small> 上 的 <u>优势</u><sup>1.507</sup> 。 第五十 六 <u>分钟</u><sup>4.676</sup> , 巴林队 <u>前锋</u><sup>4.887</sup> <span class='target'>越位</span> <u>成功</u><sup>4.127</sup> , <u>8</u><sup>1.698</sup> <u>号</u><sup>2.726</sup> 杜斯 里 <u>球</u><sup>4.938</sup> <u>轻松</u><sup>3.589</sup> 扫 <u>进</u><sup>2.086</sup> <small>球门 。 失球 后 , 黎巴嫩队 换上 了 几 名</small>""",0.712357531975888,-16.327047454121,1,in
越位/V/CNA_CMN_19940309_wpr/53641,越位/V/CNA_CMN_19940309_wpr/53641,越位,CNA,Taiwan,quality,而/C;尽职/V;政协/N,"""<small>参政 议政 的 作用 。 「 台湾 同胞 联谊会 」</small> 的 杨思泽 委员 表示 , 做 到 「 <u>尽职</u><sup>6.425</sup> <u>而</u><sup>1.203</sup> <span class='target'>越位</span> 」 很 难 , 「 <u>政协</u><sup>1.767</sup> 委员 」 提出 意见 <small>没 人 理会 。 「 政协 经济界 副团长 」 刘豹</small>""",-57.6125274664386,-16.3699850274263,NA,NA
越位/V/CNA_CMN_20020616_wpr/95739,越位/V/CNA_CMN_20020616_wpr/95739,越位,CNA,Taiwan,quality,多达/V;半/N;西班牙/N;次/N;场/N;破坏力/N;奇大/V;莫瑞安提/N;斯/N;劳尔/N;Raul/F,"""<small>防线 优异 的 默契 , 频频 制造 位 陷阱 ,</small> 上 <u>半</u><sup>2.338</sup> <u>场</u><sup>2.195</sup> 让 <u>西班牙</u><sup>1.916</sup> 有 <u>多达</u><sup>3.101</sup> 九 <u>次</u><sup>1.442</sup> 的 <span class='target'>越位</span> , 是 <u>破坏力</u><sup>5.951</sup> <u>奇大</u><sup>7.823</sup> 的 <u>莫瑞安提</u><sup>8.265</sup> <u>斯</u><sup>1.796</sup> <u>劳尔</u><sup>6.367</sup> ( <u>Raul</u><sup>8.942</sup> <small>Gonzales ) , 多 次 陷入 越位 陷阱 , 错失</small>""",-40.7541695403884,41.9404903182308,7,in
越位/V/XIN_CMN_19970831_wpr/741,越位/V/XIN_CMN_19970831_wpr/741,越位,XIN,Mainland,quality,分钟/N;海狮队/N;时/N;后/N;造/V;队友/N;接/V;传/V;后/N;失误/N;球/N,"""<small>级 形势 转好 。 今天 万科队 占据 了 场 上主</small> 动 。 第四 <u>分钟</u><sup>4.676</sup> <u>时</u><sup>1.419</sup> , <u>海狮队</u><sup>5.335</sup> <u>后</u><sup>1.054</sup> 卫 <u>造</u><sup>3.917</sup> <span class='target'>越位</span> <u>失误</u><sup>4.536</sup> , 万科队 比希 其 <u>接</u><sup>2.555</sup> <u>队友</u><sup>4.068</sup> <u>传</u><sup>2.186</sup> <u>球</u><sup>4.938</sup> <u>后</u><sup>1.054</sup> <small>单刀赴会 , 下 一 城 。 第二十七 分钟 时 ,</small>""",7.34277008752081,-18.5708220311948,NA,NA
越位/V/XIN_CMN_20020613_wpr/20614,越位/V/XIN_CMN_20020613_wpr/20614,越位,XIN,Mainland,quality,7/N;犯规/V;14/N;角球/N;点/N;6/N;球/N;15/N;控球/N;47/N;53/N;黄/N;1/N;红牌/N;乌龙球/N;%/N;时间/N,"""<small>: 哥斯达黎加队 巴西队 进球 2 5 射门 17 12 射</small> 正9 <u>7</u><sup>1.615</sup> <u>犯规</u><sup>6.325</sup> <u>15</u><sup>1.36</sup> <u>6</u><sup>1.401</sup> <u>角球</u><sup>6.974</sup> <u>14</u><sup>1.616</sup> <u>6</u><sup>1.401</sup> <u>点</u><sup>1.834</sup> <u>球</u><sup>4.938</sup> <span class='target'>越位</span> <u>乌龙球</u><sup>9.011</sup> <u>黄</u><sup>4.051</sup> 牌0 <u>1</u><sup>1.358</sup> <u>红牌</u><sup>6.753</sup> <u>控球</u><sup>7.494</sup> <u>时间</u><sup>1.931</sup> <u>47</u><sup>3.15</sup> <u>%</u><sup>1.631</sup> <u>53</u><sup>3.358</sup> <small>% 国际足联 球场 空席 问题 作出 解释 国际足联 书 长</small>""",14.3410942743006,-53.7799788678281,NA,NA
越位/V/CNA_CMN_20020603_wpr/107560,越位/V/CNA_CMN_20020603_wpr/107560,越位,CNA,Taiwan,quality,方/N;成/V;对方/N;前锋/N;场/N,"""<small>─ 2 队形 ) 基本 上 是 后卫 三 名</small> <u>成</u><sup>1.104</sup> 一 列 同时 前进 后退 , 使 <u>方</u><sup>1.174</sup> 陷于 <span class='target'>越位</span> 缩小 <u>对方</u><sup>4.479</sup> <u>前锋</u><sup>4.887</sup> 活动 空间 , <u>前锋</u><sup>4.887</sup> 中 <u>场</u><sup>2.195</sup> 接近 <small>对方 球门 夺球 进攻 , 是 种 攻击性 的 守备</small>""",14.7697905244793,0.954156254670377,NA,NA
越位/V/CNA_CMN_20020616_wpr/96839,越位/V/CNA_CMN_20020616_wpr/96839,越位,CNA,Taiwan,quality,进球/N;因为/C;半/N;次/N;场/N;分钟/N;而/C;半/N;场/N;取消/V;在先/V,"""<small>越位 陷阱 , 错失 了 不少 机会 。 西班牙 上</small> 、 下 <u>半</u><sup>2.338</sup> <u>场</u><sup>2.195</sup> 各 有 一 <u>次</u><sup>1.442</sup> <u>进球</u><sup>5.715</sup> <u>因为</u><sup>1.02</sup> <span class='target'>越位</span> <u>在先</u><sup>7.502</sup> <u>而</u><sup>1.203</sup> <u>取消</u><sup>1.821</sup> 。 上 <u>半</u><sup>2.338</sup> <u>场</u><sup>2.195</sup> 二十五 <u>分钟</u><sup>4.676</sup> , <small>莫瑞安提 斯 门 前 头顶 短传给 恩瑞克 ( Luis Enrique</small>""",-24.9340511145974,12.0316926161053,NA,NA
越位/V/XIN_CMN_19981004_wpr/5111,越位/V/XIN_CMN_19981004_wpr/5111,越位,XIN,Mainland,quality,反/V;号/N;结束/N;球员/N;14/N;替补/N;前/N;比赛/N;0/N;扩大为/V;成功/V;2/N;分/V;单刀/N,"""<small>威胁 的 进攻 越位 而 中途 夭折 。 松日队 临</small> <u>比赛</u><sup>1.979</sup> <u>结束</u><sup>1.699</sup> <u>前</u><sup>1.257</sup> 海牛队 <u>替补</u><sup>4.844</sup> <u>球员</u><sup>3.136</sup> <u>14</u><sup>1.616</sup> <u>号</u><sup>2.726</sup> 王伟 <u>反</u><sup>3.137</sup> <span class='target'>越位</span> <u>成功</u><sup>4.127</sup> , <u>单刀</u><sup>7.122</sup> 直人 <u>分</u><sup>1.961</sup> <u>扩大为</u><sup>4.419</sup> <u>2</u><sup>2.017</sup> : <u>0</u><sup>2.329</sup> 。 <small>4 名 英国人 车臣 绑架 新华社 莫斯科 10月 4日 电</small>""",-2.59164806539412,-10.0430857069941,NA,NA
越位/V/XIN_CMN_20020613_wpr/49381,越位/V/XIN_CMN_20020613_wpr/49381,越位,XIN,Mainland,quality,5/N;犯规/V;角球/N;点/N;21/N;射/V;18/N;球/N;10/N;控球/N;48/N;黄/N;2/N;红牌/N;乌龙球/N;%/N;时间/N;52/N,"""<small>技术 统计 下 : 厄瓜多尔队 克罗地亚队 进 球 射门 10</small> <u>10</u><sup>1.237</sup> <u>射</u><sup>5.363</sup> 正4 <u>5</u><sup>1.425</sup> <u>犯规</u><sup>6.325</sup> <u>21</u><sup>1.236</sup> <u>18</u><sup>1.937</sup> <u>角球</u><sup>6.974</sup> <u>点</u><sup>1.834</sup> <u>球</u><sup>4.938</sup> <span class='target'>越位</span> <u>乌龙球</u><sup>9.011</sup> <u>黄</u><sup>4.051</sup> 牌1 <u>2</u><sup>2.017</sup> <u>红牌</u><sup>6.753</sup> <u>控球</u><sup>7.494</sup> <u>时间</u><sup>1.931</sup> <u>52</u><sup>2.808</sup> <u>%</u><sup>1.631</sup> <u>48</u><sup>2.603</sup> <small>% 阿富汗 大 国民 会议 投票 选举 过渡 政府 领导人</small>""",19.6736994185582,-41.6032200921971,6,in
越位/V/CNA_CMN_20020622_wpr/112149,越位/V/CNA_CMN_20020622_wpr/112149,越位,CNA,Taiwan,quality,判/V;踢进/V;球门/N;脚/N;可惜/V;传球/N;前锋/N;半/N;队/N;在先/V,"""<small>中场 费狄加攻 土 队 球门 的 一 球 , 前锋</small> 亨利卡 马拉加 上 一 <u>脚</u><sup>3.359</sup> <u>踢进</u><sup>4.361</sup> <u>球门</u><sup>4.795</sup> , <u>可惜</u><sup>4.596</sup> <u>判</u><sup>5.202</sup> <span class='target'>越位</span> <u>在先</u><sup>7.502</sup> 。 土 <u>队</u><sup>2.526</sup> 上 <u>半</u><sup>2.338</sup> <u>前锋</u><sup>4.887</sup> 哈山 等 <u>传球</u><sup>5.922</sup> <small>下 , 有 两 次 攻城 良机 , 可惜 前锋</small>""",-9.23032711144989,10.6173246571464,NA,NA
越位/V/XIN_CMN_19980626_wpr/2078,越位/V/XIN_CMN_19980626_wpr/2078,越位,XIN,Mainland,quality,号/N;11/N;攻进/V;可惜/V;球/N;号/N;裁判/N;7/N;在先/V,"""<small>上到 前 场 助攻 。 下 半 时 43 分钟</small> , 墨西哥队 <u>11</u><sup>2.172</sup> <u>号</u><sup>2.726</sup> 布兰科 <u>攻进</u><sup>4.956</sup> 一 <u>球</u><sup>4.938</sup> , <u>可惜</u><sup>4.596</sup> <span class='target'>越位</span> <u>在先</u><sup>7.502</sup> 。 <u>7</u><sup>1.615</sup> <u>号</u><sup>2.726</sup> 拉米雷兹 跑去 理论 , 沙特 <u>裁判</u><sup>4.925</sup> <small>笑眯 眯 地 出示 了 红牌 。 技术 全面 ,</small>""",-19.5690198073893,17.8864391812201,NA,NA
越位/V/CNA_CMN_19921008_wpr/59399,越位/V/CNA_CMN_19921008_wpr/59399,越位,CNA,Taiwan,quality,但/C;点/N;提到/V;前/N,"""<small>一会 反对 的 是 地方 议会 全部 直选 产 生</small> , <u>但</u><sup>1.664</sup> 此 <u>点</u><sup>1.834</sup> 基本法 <u>提到</u><sup>2.286</sup> , 所以 港督 「 <span class='target'>越位</span> 」 , 中共 反对 的 声音 太 大 。 <u>前</u><sup>1.257</sup> <small>基本法 草委 兼 港事 顾问 廖瑶珠 表示 , 港督 的</small>""",33.5356807773909,27.8027116483709,NA,NA
越位/V/XIN_CMN_19960630_wpr/12541,越位/V/XIN_CMN_19960630_wpr/12541,越位,XIN,Mainland,quality,黄牌/N;因为/C;郝海东/N;判决/V;进球/N;主队/N;后/N;而/C,"""<small>双方 损失 比较 惨重 。 客队 吃 了 三 张</small> <u>黄牌</u><sup>5.706</sup> , 其中 的 一 张 <u>黄牌</u><sup>5.706</sup> 是 <u>因为</u><sup>1.02</sup> <u>郝海东</u><sup>5.53</sup> <span class='target'>越位</span> <u>进球</u><sup>5.715</sup> <u>后</u><sup>1.054</sup> 不服 <u>判决</u><sup>2.863</sup> <u>而</u><sup>1.203</sup> 得到 的 。 <u>主队</u><sup>4.921</sup> 全 <small>场 有 两 张 黄牌 进帐 , 且 得分 手</small>""",39.6396749575472,-17.9622921054988,NA,NA
越位/V/CNA_CMN_19950715_wpr/13024,越位/V/CNA_CMN_19950715_wpr/13024,越位,CNA,Taiwan,quality,频频/V;,"""<small>报纸 ( 中央社 记者 吴显申 香港 十五 日 电 )</small> 中共 中宣部 有感于 北京 部分 报纸 的 报导 <u>频频</u><sup>3.847</sup> 「 <span class='target'>越位</span> 」 , 日前 点名 批 评 「 中华 工商时报 」 <small>, 并 「 中国 市场 经济报 」 展开调 查 ,</small>""",42.19669118006,3.19820455617397,NA,NA
越位/V/XIN_CMN_20031221_wpr/29294,越位/V/XIN_CMN_20031221_wpr/29294,越位,XIN,Mainland,quality,反/V;后/N;成功/N;次/N;破门/N;机会/N;下/V;但是/C;城/N;半/N,"""<small>网 。 荷兰 前锋 范 尼斯 特尔鲁伊 错失 了 几</small> <u>次</u><sup>1.442</sup> <u>破门</u><sup>5.724</sup> <u>机会</u><sup>2.466</sup> <u>后</u><sup>1.054</sup> , 第25 分 钟时 <u>成功</u><sup>2.209</sup> <u>反</u><sup>3.137</sup> <span class='target'>越位</span> <u>下</u><sup>3.057</sup> 一 <u>城</u><sup>2.291</sup> 。 <u>但是</u><sup>1.101</sup> 顽强 的 热刺队 下 <u>半</u><sup>2.338</sup> <small>场 开始 反扑 , 并 替补 上场 的 进攻 组织</small>""",-11.3663771113684,-28.7213746173045,NA,NA
越位/V/CNA_CMN_19970316_wpr/76089,越位/V/CNA_CMN_19970316_wpr/76089,越位,CNA,Taiwan,quality,员/N;越位/V,"""<small>一 步 。 他 说 : 「 内阁 资政 是</small> 新加坡 政府 一 <u>员</u><sup>1.892</sup> , 他 柔佛 的 谈话 是 <span class='target'>越位</span> 了 。 他 坦承 他 的 <u>越位</u><sup>7.237</sup> 。 他 马来西亚人 <small>及 马来西亚 政府 道歉 。 」 他 说 : 「</small>""",-30.5261323222346,-25.752945314676,NA,NA
越位/V/XIN_CMN_19990909_wpr/18824,越位/V/XIN_CMN_19990909_wpr/18824,越位,XIN,Mainland,quality,判/V;分钟/N;上场/V;罚/V;后/N;红牌/N;打/V,"""<small>打入 。 两 球 落后 的 国安队 开始 急躁 起来</small> , 第 60 <u>分钟</u><sup>4.676</sup> , 替换 <u>上场</u><sup>3.253</sup> 的 李毅 <u>判</u><sup>5.202</sup> <span class='target'>越位</span> <u>后</u><sup>1.054</sup> 伤人 , <u>红牌</u><sup>6.753</sup> <u>罚</u><sup>3.565</sup> 出场 外 。 少 <u>打</u><sup>1.608</sup> <small>多 的 国安队 回天乏术 , 为 本 队 连续 9</small>""",-2.0008132321549,30.9534219593367,NA,NA
越位/V/XIN_CMN_20040130_wpr/20660,越位/V/XIN_CMN_20040130_wpr/20660,越位,XIN,Mainland,quality,分钟/N;急躁/V;而/C;失误/N;中国队/N;面对/V;号/N;门将/N;成功/V;10/N;冷静/V,"""<small>半 场 , 加拿大队 加 强攻 势 , 但 因</small> 过于 <u>急躁</u><sup>5.104</sup> <u>而</u><sup>1.203</sup> <u>失误</u><sup>4.536</sup> 太多 。 第51 <u>分钟</u><sup>4.676</sup> , <u>中国队</u><sup>3.166</sup> <span class='target'>越位</span> <u>成功</u><sup>4.127</sup> , <u>10</u><sup>1.237</sup> <u>号</u><sup>2.726</sup> 藤巍 <u>面对</u><sup>1.967</sup> <u>门将</u><sup>5.151</sup> <u>冷静</u><sup>4.44</sup> 挑射 , <small>为 中国队 锁定 胜局 。 比赛 进入 补 时 阶段</small>""",13.186686380395,-14.1921551642811,NA,NA
越位/V/XIN_CMN_20020611_wpr/15709,越位/V/XIN_CMN_20020611_wpr/15709,越位,XIN,Mainland,quality,8/N;5/N;点球/N;犯规/V;14/N;11/N;角球/N;19/N;射/V;黄牌/N;控球/N;56/N;1/N;2/N;44/N;红牌/N;乌龙球/N;%/N;时间/N,"""<small>技术 统计 如下 : 丹麦队 法国队 进球 2 0 射门</small> <u>5</u><sup>1.425</sup> <u>11</u><sup>2.172</sup> <u>射</u><sup>5.363</sup> 正2 <u>8</u><sup>1.698</sup> <u>犯规</u><sup>6.325</sup> <u>19</u><sup>1.876</sup> <u>14</u><sup>1.616</sup> <u>角球</u><sup>6.974</sup> <u>点球</u><sup>5.419</sup> <span class='target'>越位</span> <u>乌龙球</u><sup>9.011</sup> <u>黄牌</u><sup>5.706</sup> <u>2</u><sup>2.017</sup> <u>1</u><sup>1.358</sup> <u>红牌</u><sup>6.753</sup> <u>控球</u><sup>7.494</sup> <u>时间</u><sup>1.931</sup> <u>44</u><sup>2.856</sup> <u>%</u><sup>1.631</sup> <u>56</u><sup>2.777</sup> <small>% “ 黑马 ” 塞内加尔队 挺进 16 强 塞内加尔队 誓</small>""",8.82499608230665,-45.7406477293083,NA,NA
越位/V/XIN_CMN_19960505_wpr/11328,越位/V/XIN_CMN_19960505_wpr/11328,越位,XIN,Mainland,quality,进球/N;国安队/N;嫌/N,"""<small>去年 。 而 三星队 主教 练 蔺 新 江 裁判</small> 执法 不满 , 认为 <u>国安队</u><sup>5.052</sup> 的 第一 个 <u>进球</u><sup>5.715</sup> 有 <span class='target'>越位</span> 之 <u>嫌</u><sup>3.543</sup> 。 ( 完 ) 巴卡西 半岛 局势 恢复 <small>平静 新华社 拉各斯 5月 5日电 尼日利亚 新闻 媒介 今天 报</small>""",-19.0135119391246,-1.99162093412234,NA,NA
越位/V/XIN_CMN_19991004_wpr/29516,越位/V/XIN_CMN_19991004_wpr/29516,越位,XIN,Mainland,quality,中国队/N;韩国队/N;直传/N;场/N;造/V;战术/N;威胁/N,"""<small>, 显示 了 很 强 的 攻击力 。 同时 ,</small> <u>中国队</u><sup>3.166</sup> <u>场</u><sup>2.195</sup> 向前 的 <u>直传</u><sup>7.841</sup> , 给 <u>韩国队</u><sup>2.651</sup> 的 <u>造</u><sup>3.917</sup> <span class='target'>越位</span> <u>战术</u><sup>5.074</sup> 造成 了 极 大 <u>威胁</u><sup>1.708</sup> 。 评论 认为 , <small>中国队 不仅 身体 上 占 优势 , 而且 体力 、</small>""",25.8049711022146,-10.8698375132463,NA,NA
越位/V/XIN_CMN_20010707_wpr/20876,越位/V/XIN_CMN_20010707_wpr/20876,越位,XIN,Mainland,quality,陷入/V;对方/N;打/V;陷阱/N;2/N;比分/N,"""<small>泰队 主教 练 殷铁生 盖达 调到 后卫线 , 增强 防守</small> 。 广 州 吉利队 <u>打</u><sup>1.608</sup> 急 , <u>陷入</u><sup>3.32</sup> <u>对方</u><sup>4.479</sup> 的 <span class='target'>越位</span> <u>陷阱</u><sup>6.45</sup> , 改 写 <u>比分</u><sup>3.63</sup> 。 结果 , <u>2</u><sup>2.017</sup> : <small>0 的 比分 保持 到 了 终场 。 全国 足球甲</small>""",42.5703764911312,11.0583228084079,NA,NA
越位/V/XIN_CMN_20031214_wpr/25674,越位/V/XIN_CMN_20031214_wpr/25674,越位,XIN,Mainland,quality,判/V;因/C;成功/V;头/N;可惜/V;球/N;点球/N;在先/V,"""<small>25 分钟 时 , 是 皮 耶罗 一 个 传球</small> , <u>因</u><sup>1.015</sup> 扎吉 <u>头</u><sup>2.342</sup> <u>球</u><sup>4.938</sup> 攻门 <u>成功</u><sup>4.127</sup> , <u>可惜</u><sup>4.596</sup> <u>判</u><sup>5.202</sup> <span class='target'>越位</span> <u>在先</u><sup>7.502</sup> 。 <u>点球</u><sup>5.419</sup> 大战 中 , AC 米兰队 的 大牌 <small>球星们 发挥 失常 。 比赛 中 表现出 色 的 皮耶罗</small>""",-13.8381674780482,16.6730743611324,2,in
越位/V/XIN_CMN_20020605_wpr/30012,越位/V/XIN_CMN_20020605_wpr/30012,越位,XIN,Mainland,quality,20/N;3/N;犯规/V;角球/N;点/N;射/V;球/N;控球/N;黄/N;红牌/N;乌龙球/N;牌/N;%/N;57/N;时间/N;43/N,"""<small>统计 如下 : 美国队 葡萄牙队 进 球3 2 射门 10</small> 12 <u>射</u><sup>5.363</sup> 正5 <u>3</u><sup>1.502</sup> <u>犯规</u><sup>6.325</sup> <u>20</u><sup>1.465</sup> <u>20</u><sup>1.465</sup> <u>角球</u><sup>6.974</sup> <u>点</u><sup>1.834</sup> <u>球</u><sup>4.938</sup> <span class='target'>越位</span> <u>乌龙球</u><sup>9.011</sup> <u>黄</u><sup>4.051</sup> <u>牌</u><sup>3.26</sup> <u>红牌</u><sup>6.753</sup> <u>控球</u><sup>7.494</sup> <u>时间</u><sup>1.931</sup> <u>43</u><sup>2.829</sup> <u>%</u><sup>1.631</sup> <u>57</u><sup>3.028</sup> <u>%</u><sup>1.631</sup> <small>( 世界杯 预测 ) 法国队 找回 尊严 沙特人 洗刷 耻辱</small>""",24.151272592979,-45.4069810683555,NA,NA
越位/V/XIN_CMN_19980823_wpr/14410,越位/V/XIN_CMN_19980823_wpr/14410,越位,XIN,Mainland,quality,攻/V;后/N;成/V;禁区/N;直传/N;球/N;0/N;射入/V;1/N;上半场/N;领先/V,"""<small>攻防 速度 快 。 第二十九 分钟 , 延 边敖东队 中场</small> 拦截 <u>成</u><sup>1.104</sup> <u>攻</u><sup>3.59</sup> , <u>球</u><sup>4.938</sup> <u>直传</u><sup>7.841</sup> <u>禁区</u><sup>5.295</sup> , <u>后</u><sup>1.054</sup> 千学峰反 <span class='target'>越位</span> 抢点 <u>射入</u><sup>5.651</sup> , <u>上半场</u><sup>4.734</sup> <u>1</u><sup>1.358</sup> : <u>0</u><sup>2.329</sup> <u>领先</u><sup>2.516</sup> 。 下 <small>半 场 双方 加快 了 攻防 速度 , 第七十 分钟</small>""",12.1438664865352,-29.3599549563884,NA,NA
越位/V/CNA_CMN_19990716_wpr/1191,越位/V/CNA_CMN_19990716_wpr/1191,越位,CNA,Taiwan,quality,码/N;前/N;足球/N;规则/N,"""<small>幅 史卡莉 拦下 刘英 射门 的 电视 连续 画面 。</small> 标题 说 , 史卡莉 刘英 踢出 十二 <u>码</u><sup>3.154</sup> 罚球 <u>前</u><sup>1.257</sup> <span class='target'>越位</span> 跨出 , 触犯 <u>足球</u><sup>2.077</sup> <u>规则</u><sup>3.052</sup> 。 美国 认为 中共 宣称 <small>拥有 中子弹 跟 两国论 ( 中央社 记者 陈正杰 华盛顿 十五</small>""",19.2687458973226,50.0744094250133,NA,NA
越位/V/CNA_CMN_20020616_wpr/86910,越位/V/CNA_CMN_20020616_wpr/86910,越位,CNA,Taiwan,quality,Gonzales/F;陷入/V;劳尔/N;次/N;Raul/F;陷阱/N;机会/N,"""<small>次 的 越位 , 是 破坏力 奇大 的 莫瑞安提 斯</small> 与 <u>劳尔</u><sup>6.367</sup> ( <u>Raul</u><sup>8.942</sup> <u>Gonzales</u><sup>8.775</sup> ) , 多 <u>次</u><sup>1.442</sup> <u>陷入</u><sup>3.32</sup> <span class='target'>越位</span> <u>陷阱</u><sup>6.45</sup> , 错失 不少 <u>机会</u><sup>2.466</sup> 。 910616 重庆 煤矿 严重 <small>透 水 损失 上亿 人民币 ︵ 中央社 台北 十六日 电</small>""",-43.3708568505848,33.5427320780652,NA,NA
越位/V/XIN_CMN_19980613_wpr/42009,越位/V/XIN_CMN_19980613_wpr/42009,越位,XIN,Mainland,quality,判/V;分钟/N;时/N;球/N;攻入/V;号/N;裁判/N;7/N;队长/N;队/N,"""<small>的 9 号 吉瓦克 , 派上 21 号 杜加里 。</small> 第五十三 <u>分钟</u><sup>4.676</sup> <u>时</u><sup>1.419</sup> , 法国队 <u>攻入</u><sup>5.763</sup> 一 <u>球</u><sup>4.938</sup> , <u>判</u><sup>5.202</sup> <span class='target'>越位</span> 。 法国 <u>队</u><sup>2.526</sup> <u>队长</u><sup>3.396</sup> <u>7</u><sup>1.615</sup> <u>号</u><sup>2.726</sup> 德 不服 , <u>裁判</u><sup>4.925</sup> <small>留情 地 出示 了 黄牌 。 第 七十四 分钟 ,</small>""",3.26977027997132,16.2517179039723,NA,NA
越位/V/CNA_CMN_20010923_wpr/59003,越位/V/CNA_CMN_20010923_wpr/59003,越位,CNA,Taiwan,quality,存在/V;错位/N;越位/V;缺位/N;现象/N,"""<small>上 , 忽略 。 社评 说 , 大陆 现在 一些</small> 政府 部门 行政 管理 上 , 普 遍 <u>存在</u><sup>1.723</sup> 着 <span class='target'>越位</span> 、 <u>缺位</u><sup>8.483</sup> 和 <u>错位</u><sup>7.791</sup> 的 <u>现象</u><sup>1.641</sup> 。 <u>越位</u><sup>7.237</sup> 就是 市场 <small>做 的 事 , 政府 做 了 ; 缺位 就是</small>""",-38.1150643983416,-17.402572129382,NA,NA
越位/V/CNA_CMN_20020616_wpr/96817,越位/V/CNA_CMN_20020616_wpr/96817,越位,CNA,Taiwan,quality,Gonzales/F;陷入/V;斯/N;劳尔/N;次/N;Raul/F;陷阱/N;错失/V;西班牙/N;机会/N,"""<small>九 次 的 越位 , 是 破坏力 奇大 的 莫瑞安提</small> <u>斯</u><sup>1.796</sup> <u>劳尔</u><sup>6.367</sup> ( <u>Raul</u><sup>8.942</sup> <u>Gonzales</u><sup>8.775</sup> ) , 多 <u>次</u><sup>1.442</sup> <u>陷入</u><sup>3.32</sup> <span class='target'>越位</span> <u>陷阱</u><sup>6.45</sup> , <u>错失</u><sup>6.217</sup> 了 不少 <u>机会</u><sup>2.466</sup> 。 <u>西班牙</u><sup>1.916</sup> 上 、 <small>下 半 场 各 有 一 次 进球 因为 越位</small>""",-41.9450589023819,27.689696880278,NA,NA
越位/V/CNA_CMN_20010923_wpr/58849,越位/V/CNA_CMN_20010923_wpr/58849,越位,CNA,Taiwan,quality,;错位/N;缺位/N;现象/N,"""<small>状况 , 但 党政 部门 的 干涉 提及 。 北京</small> 的 经济 观察报 勇于 揭发 中共 行政 管理 上 的 <span class='target'>越位</span> 、 <u>缺位</u><sup>8.483</sup> 和 <u>错位</u><sup>7.791</sup> <u>现象</u><sup>1.641</sup> , 指 党政 部门 保护 <small>自身 营利 背离市 场 原则 , WTO 基本 原则 牴触</small>""",-44.5712093012373,-10.839757638653,NA,NA
越位/V/CNA_CMN_20020608_wpr/106238,越位/V/CNA_CMN_20020608_wpr/106238,越位,CNA,Taiwan,quality,判/V;但/C;后/N;射门/V;破网/N;场/N;裁判/N;时/N;算/V,"""<small>其中 多数 落在 克罗 埃西亚 手 里 。 下 半</small> <u>场</u><sup>2.195</sup> 开战 <u>后</u><sup>1.054</sup> 魏 里 <u>射门</u><sup>5.351</sup> <u>破网</u><sup>5.703</sup> , <u>但</u><sup>1.664</sup> <u>判</u><sup>5.202</sup> <span class='target'>越位</span> <u>算</u><sup>3.014</sup> , 他 <u>裁判</u><sup>4.925</sup> 抗议 <u>时</u><sup>1.419</sup> 声音 太 大 , <small>吃 了 张黄牌 。 到 第五十五 分钟 时 , 义大利队</small>""",2.13144194767674,24.1908472833806,NA,NA
越位/V/CNA_CMN_19970630_wpr/37964,越位/V/CNA_CMN_19970630_wpr/37964,越位,CNA,Taiwan,quality,时/N;球员/N;踢/V;巴西/N;半/N;场/N;裁判/N;但/C;判定/V;犯规/V;得分/N,"""<small>巴西 球员 体力 还好 的 时候 得分 , 结果 上</small> <u>半</u><sup>2.338</sup> <u>场</u><sup>2.195</sup> 一 名 <u>巴西</u><sup>1.323</sup> <u>球员</u><sup>3.136</sup> <u>踢</u><sup>3.617</sup> 球进门 <u>时</u><sup>1.419</sup> , <span class='target'>越位</span> <u>犯规</u><sup>6.325</sup> , <u>但</u><sup>1.664</sup> <u>裁判</u><sup>4.925</sup> 察 , <u>判定</u><sup>4.198</sup> 巴 西 <u>得分</u><sup>2.681</sup> <small>, 玻国 球迷 为之 气结 。 玻利维亚 球员 桑杰士 在</small>""",10.3888558686282,27.8326623574919,NA,NA
越位/V/XIN_CMN_19990421_wpr/7725,越位/V/XIN_CMN_19990421_wpr/7725,越位,XIN,Mainland,quality,;传球/N;次数/N;进攻/V,"""<small>, 给 对方 中 前 场 造成 了 较 大</small> 的 压力 。 伊拉克国 奥队 士气 显得 沉闷 , 且 <span class='target'>越位</span> <u>次数</u><sup>3.145</sup> 较 多 , 影响 了 <u>传球</u><sup>5.922</sup> 和 <u>进攻</u><sup>4.067</sup> 。 <small>比赛 结束 后 , 中国 国奥队 教练 朱广沪 接受 记者</small>""",28.3995534681765,-21.6850992631028,NA,NA
越位/V/XIN_CMN_19980925_wpr/71574,越位/V/XIN_CMN_19980925_wpr/71574,越位,XIN,Mainland,quality,判/V;但是/C;球/N;攻入/V;分钟/N;时/N;第八十/N;前/N;在先/V,"""<small>但是 得势 不得 分 。 该 队 的 卡 ・</small> 里 德尔 <u>攻入</u><sup>5.763</sup> 一 <u>球</u><sup>4.938</sup> , <u>但是</u><sup>1.101</sup> 此 <u>球</u><sup>4.938</sup> <u>判</u><sup>5.202</sup> <span class='target'>越位</span> <u>在先</u><sup>7.502</sup> 。 <u>第八十</u><sup>5.75</sup> <u>分钟</u><sup>4.676</sup> <u>时</u><sup>1.419</sup> , 保 . 斯科尔斯 <u>前</u><sup>1.257</sup> <small>场 接到 替补 队员 安 ・ 科尔 的 一 个</small>""",-17.5108849534171,11.6117238028952,2,in
越位/V/XIN_CMN_20011006_wpr/15479,越位/V/XIN_CMN_20011006_wpr/15479,越位,XIN,Mainland,quality,单刀赴会/N;队员/N;突破/N;带/V;球/N;犯规/V;防/V;轻松/V,"""<small>扳回 分 。 三 分钟 后 , 桑托斯 中 路</small> <u>带</u><sup>2.193</sup> <u>球</u><sup>4.938</sup> <u>突破</u><sup>2.336</sup> , <u>单刀赴会</u><sup>7.517</sup> 。 舜天 <u>队员</u><sup>3.657</sup> 误以为 他 <span class='target'>越位</span> <u>犯规</u><sup>6.325</sup> , <u>防</u><sup>1.484</sup> 范 不力 , 结果 , 他 <u>轻松</u><sup>3.589</sup> <small>地 攻入 一 球 , 分 扳成 2平 。 舜天</small>""",18.0444057398063,-25.3333834828959,NA,NA
越位/V/CNA_CMN_20020613_wpr/175573,越位/V/CNA_CMN_20020613_wpr/175573,越位,CNA,Taiwan,quality,义大利/N;因为/C;算/V;而/C;场/N;比赛/N;最后/N;进/V;比赛/N;球/N;取消/V,"""<small>时 , 「 蓝衫军 」 义大利 两 度 进 球</small> <u>算</u><sup>3.014</sup> ; <u>而</u><sup>1.203</sup> 这 <u>场</u><sup>2.195</sup> <u>比赛</u><sup>1.979</sup> 中 , <u>义大利</u><sup>1.662</sup> <u>因为</u><sup>1.02</sup> <span class='target'>越位</span> , 两 度 <u>进</u><sup>2.086</sup> <u>球</u><sup>4.938</sup> <u>取消</u><sup>1.821</sup> 。 过当 <u>比赛</u><sup>1.979</sup> <u>最后</u><sup>1.036</sup> <small>时刻 , 两 队 确定 可以 晋 级 十六 强</small>""",18.550551664719,31.6557283768752,NA,NA
越位/V/XIN_CMN_20020611_wpr/38378,越位/V/XIN_CMN_20020611_wpr/38378,越位,XIN,Mainland,quality,5/N;点球/N;犯规/V;2/N;14/N;角球/N;射/V;15/N;控球/N;51/N;黄/N;49/N;红牌/N;乌龙球/N;牌/N;%/N;时间/N,"""<small>技术 统计 如下 : 沙特阿拉伯队 爱尔兰队 进 球0 3 射门</small> <u>射</u><sup>5.363</sup> 正5 <u>5</u><sup>1.425</sup> <u>犯规</u><sup>6.325</sup> <u>15</u><sup>1.36</sup> <u>14</u><sup>1.616</sup> <u>角球</u><sup>6.974</sup> <u>2</u><sup>2.017</sup> <u>5</u><sup>1.425</sup> <u>点球</u><sup>5.419</sup> <span class='target'>越位</span> <u>乌龙球</u><sup>9.011</sup> <u>黄</u><sup>4.051</sup> <u>牌</u><sup>3.26</sup> <u>红牌</u><sup>6.753</sup> <u>控球</u><sup>7.494</sup> <u>时间</u><sup>1.931</sup> <u>49</u><sup>3.063</sup> <u>%</u><sup>1.631</sup> <u>51</u><sup>2.936</sup> <u>%</u><sup>1.631</sup> <small>喀麦隆队 与 德国队 比赛 技术 统计 2002年 世界杯足 球赛 E</small>""",20.2025839366567,-50.3310432927936,NA,NA
越位/V/XIN_CMN_20030405_wpr/30016,越位/V/XIN_CMN_20030405_wpr/30016,越位,XIN,Mainland,quality,利用/V;分钟/N;时/N;次/N;门/N;攻/V;得手/V;机会/N,"""<small>指挥 的 北京 现代队 , 取得 来之不易 的 1 分</small> 。 第22 <u>分钟</u><sup>4.676</sup> <u>时</u><sup>1.419</sup> , 北京 现代队 <u>利用</u><sup>2.134</sup> 一 <u>次</u><sup>1.442</sup> <span class='target'>越位</span> <u>机会</u><sup>2.466</sup> , 马科斯 推射 空 <u>门</u><sup>2.851</sup> <u>得手</u><sup>4.58</sup> , <u>攻</u><sup>3.59</sup> 中 <small>了 加盟 北京队 的 首 粒 入球 后 , 马科斯</small>""",-4.92993452934599,-32.5896622407935,NA,NA
越位/V/XIN_CMN_20030227_wpr/64291,越位/V/XIN_CMN_20030227_wpr/64291,越位,XIN,Mainland,quality,反/V;时/N;成功/N;准确/V;利用/V;速度/N,"""<small>比赛 进行到 第67 分钟 时 , 利物浦队 前卫 默菲 妙传</small> , 欧文 跑位 <u>时</u><sup>1.419</sup> 机 非常 <u>准确</u><sup>2.953</sup> , <u>成功</u><sup>2.209</sup> <u>反</u><sup>3.137</sup> <span class='target'>越位</span> , 并 <u>利用</u><sup>2.134</sup> 他 的 <u>速度</u><sup>1.78</sup> 甩掉 身旁 的 两 <small>名 后卫 。 面对 上前 封堵 的 门将 库尔 ,</small>""",30.2336174001352,3.60245276550166,NA,NA
越位/V/CNA_CMN_19970731_wpr/7490,越位/V/CNA_CMN_19970731_wpr/7490,越位,CNA,Taiwan,quality,;而/C,"""<small>节目 中 批评 时政 的 港人 , 发现 他们 的</small> 地盘 「 健在 」 ; 怕 属下 的 报导 「 <span class='target'>越位</span> 」 , 误触 地雷 区 <u>而</u><sup>1.203</sup> 提心吊胆 的 传媒 编採 <small>主管 , 并 接到 「 有关 当局 」 的 警告</small>""",29.8853994270361,24.6894243120015,NA,NA
越位/V/CNA_CMN_20020616_wpr/95758,越位/V/CNA_CMN_20020616_wpr/95758,越位,CNA,Taiwan,quality,Gonzales/F;陷入/V;斯/N;劳尔/N;次/N;Raul/F;陷阱/N;错失/V;西班牙/N;机会/N,"""<small>九 次 的 越位 , 是 破坏力 奇大 的 莫瑞安提</small> <u>斯</u><sup>1.796</sup> <u>劳尔</u><sup>6.367</sup> ( <u>Raul</u><sup>8.942</sup> <u>Gonzales</u><sup>8.775</sup> ) , 多 <u>次</u><sup>1.442</sup> <u>陷入</u><sup>3.32</sup> <span class='target'>越位</span> <u>陷阱</u><sup>6.45</sup> , <u>错失</u><sup>6.217</sup> 了 不少 <u>机会</u><sup>2.466</sup> 。 <u>西班牙</u><sup>1.916</sup> 上 、 <small>下 半 场 各 有 一 次 进球 因为 越位</small>""",-37.1450958547797,30.1694444277325,NA,NA
越位/V/CNA_CMN_20020613_wpr/163354,越位/V/CNA_CMN_20020613_wpr/163354,越位,CNA,Taiwan,quality,传球/N;入/V;网/N;可惜/V;劲射/V;判/V;掌握/V;攻势/N;算/V;在先/V,"""<small>, 开赛 初 勐攻 。 英萨吉 ( Filippo Inzighi )</small> 在 六码处 接获 <u>传球</u><sup>5.922</sup> , <u>劲射</u><sup>4.955</sup> <u>入</u><sup>2.201</sup> <u>网</u><sup>3.101</sup> , <u>可惜</u><sup>4.596</sup> <span class='target'>越位</span> <u>在先</u><sup>7.502</sup> , <u>判</u><sup>5.202</sup> <u>算</u><sup>3.014</sup> 。 <u>掌握</u><sup>1.421</sup> 较 多 <u>攻势</u><sup>2.631</sup> 的 <small>义大利 久攻 不下 , 墨西哥 反 第三 十四 分钟 发动</small>""",-12.7240999697945,6.65166962049542,NA,NA
越位/V/XIN_CMN_20031002_wpr/38459,越位/V/XIN_CMN_20031002_wpr/38459,越位,XIN,Mainland,quality,什么/N;含义/N;概念/N;越位/V,"""<small>只 篮球 和 棒球 感兴趣 。 不过 美国人 的 足球</small> 知识 很 贫乏 , 大多数 人 搞 懂 <u>什么</u><sup>1.369</sup> 是 <span class='target'>越位</span> 。 回答 “ <u>越位</u><sup>7.237</sup> ” 这 一 <u>概念</u><sup>2.817</sup> 的 <u>含义</u><sup>4.743</sup> <small>时 , 很多 人 认为 越位 “ 进攻 球员 比赛</small>""",-32.9509800167391,-21.9165630902491,8,in
越位/V/CNA_CMN_20020603_wpr/152612,越位/V/CNA_CMN_20020603_wpr/152612,越位,CNA,Taiwan,quality,传球/N;队友/N;接/V;破网/N;码/N;最后/N,"""<small>化解 。 巴西 继续 土耳其 施压 , 第六十二 分钟 ,</small> 李瓦度 <u>接</u><sup>2.555</sup> 到 <u>队友</u><sup>4.068</sup> 的 <u>传球</u><sup>5.922</sup> , 头锤 <u>破网</u><sup>5.703</sup> , <span class='target'>越位</span> , <u>最后</u><sup>1.036</sup> 才 靠 着 十二 <u>码</u><sup>3.154</sup> 罚球 取胜 。 <small>910603 自强号 一 列车 因 主吊线 断落 困在 七堵 近</small>""",26.3603525437357,-27.7759905461973,NA,NA
越位/V/XIN_CMN_20010303_wpr/20526,越位/V/XIN_CMN_20010303_wpr/20526,越位,XIN,Mainland,quality,足球/N;但是/C;,"""<small>, 是 球迷 。 ” 他 表示 自己 虽然 喜爱</small> 体育 运动 , <u>但是</u><sup>1.101</sup> <u>足球</u><sup>2.077</sup> 知 之 甚少 , 连 <span class='target'>越位</span> 看 懂 。 与会者 愉快 的 笑声 中 , 李永金 <small>为 自己 球迷 的 举 动 进行 了 “ 誓师</small>""",25.551468814479,46.8298358517987,NA,NA
越位/V/CNA_CMN_20020508_wpr/51988,越位/V/CNA_CMN_20020508_wpr/51988,越位,CNA,Taiwan,quality,分钟/N;开赛/N;时/N;前锋/N;队友/N;位置/N,"""<small>日本队 说 是 项 好 消 息 。 马队 二军</small> 的 <u>前锋</u><sup>4.887</sup> 孔戈 <u>开赛</u><sup>2.521</sup> 二十七 <u>分钟</u><sup>4.676</sup> <u>时</u><sup>1.419</sup> , 一 个 <span class='target'>越位</span> 的 <u>位置</u><sup>3.087</sup> , 接应 <u>队友</u><sup>4.068</sup> 卡罗斯 踢出 的 一 个 <small>球 大 脚 攻进 了 唯一 的 分 。 此</small>""",-4.7451190445851,-17.4139545787051,NA,NA
越位/V/XIN_CMN_19950904_wpr/2459,越位/V/XIN_CMN_19950904_wpr/2459,越位,XIN,Mainland,quality,反/V;分钟/N;时/N;接/V;守门员/N;晃过/V;成功/V;带/V;球/N;攻入/V,"""<small>逐 出赛场 , 广东队 占据 场 上 优势 。 第六十</small> <u>分钟</u><sup>4.676</sup> <u>时</u><sup>1.419</sup> , 广东队 黎兵 <u>接</u><sup>2.555</sup> 谢育新 妙 传后 <u>反</u><sup>3.137</sup> <span class='target'>越位</span> <u>成功</u><sup>4.127</sup> , <u>带</u><sup>2.193</sup> <u>球</u><sup>4.938</sup> <u>晃过</u><sup>6.908</sup> <u>守门员</u><sup>5.606</sup> 施射 , 为主队 <u>攻入</u><sup>5.763</sup> <small>第二 个 球 。 终场 前 15 分钟 时 ,</small>""",7.59470950950221,-25.2537965359687,1,in
越位/V/XIN_CMN_20020611_wpr/15599,越位/V/XIN_CMN_20020611_wpr/15599,越位,XIN,Mainland,quality,3/N;23/N;点球/N;犯规/V;14/N;射门/V;角球/N;19/N;射/V;6/N;控球/N;5/N;黄/N;红牌/N;乌龙球/N;%/N;时间/N;45/N;55/N,"""<small>。 比赛 技术 统计 如下 : 塞内加尔队 乌拉圭队 进 球3</small> <u>3</u><sup>1.502</sup> <u>射门</u><sup>5.351</sup> <u>6</u><sup>1.401</sup> <u>14</u><sup>1.616</sup> <u>射</u><sup>5.363</sup> <u>犯规</u><sup>6.325</sup> <u>23</u><sup>1.616</sup> <u>19</u><sup>1.876</sup> <u>角球</u><sup>6.974</sup> <u>点球</u><sup>5.419</sup> <span class='target'>越位</span> <u>乌龙球</u><sup>9.011</sup> <u>黄</u><sup>4.051</sup> 牌7 <u>5</u><sup>1.425</sup> <u>红牌</u><sup>6.753</sup> <u>控球</u><sup>7.494</sup> <u>时间</u><sup>1.931</sup> <u>45</u><sup>3.023</sup> <u>%</u><sup>1.631</sup> <u>55</u><sup>3.129</sup> <small>% 观众 人数 : 33681 人 ( 完 ) 丹麦队</small>""",15.6150800724995,-46.5624324195421,NA,NA
越位/V/CNA_CMN_20020622_wpr/105631,越位/V/CNA_CMN_20020622_wpr/105631,越位,CNA,Taiwan,quality,越过/V;球门线/N;明显/V;但/C;因为/C;分钟/N;快速/V;进球/N;算/V;第二十四/N,"""<small>( Rustu Recber ) 身 后 , 补上 一 脚</small> , 虽然 <u>越过</u><sup>3.69</sup> 了 <u>球门线</u><sup>7.227</sup> , <u>但</u><sup>1.664</sup> <u>因为</u><sup>1.02</sup> <u>明显</u><sup>1.564</sup> 的 <span class='target'>越位</span> , <u>进球</u><sup>5.715</sup> 不 <u>算</u><sup>3.014</sup> 。 <u>第二十四</u><sup>4.39</sup> <u>分钟</u><sup>4.676</sup> , 土耳其 <u>快速</u><sup>2.662</sup> <small>反击 , 哈山 ( Hasan Sas ) 单刀 杀到 禁区</small>""",-17.6820635752014,-12.6078235408133,NA,NA
越位/V/CNA_CMN_20020526_wpr/1595,越位/V/CNA_CMN_20020526_wpr/1595,越位,CNA,Taiwan,quality,判/V;分钟/N;入网/N;射门/V;分钟/N;巴西队/N,"""<small>是 一样 , 伤 后 东山再起 的 罗纳度 多 踢</small> 了 十 <u>分钟</u><sup>4.676</sup> 。 罗纳度 两 度 <u>射门</u><sup>5.351</sup> <u>入网</u><sup>4.872</sup> <u>判</u><sup>5.202</sup> <span class='target'>越位</span> , 到 第五十二 <u>分钟</u><sup>4.676</sup> 建功 。 他 为 <u>巴西队</u><sup>3.4</sup> 开胡 <small>后 , 三 位 队友 进 一 球 , 四</small>""",2.96277037686971,6.70806666760035,NA,NA
越位/V/XIN_CMN_19920921_wpr/4975,越位/V/XIN_CMN_19920921_wpr/4975,越位,XIN,Mainland,quality,判/V;球迷/N;球员/N;而/C;罚/V;球员/N,"""<small>。 执法 中 , 黑 衣 判官 受 球员 或</small> <u>球迷</u><sup>1.833</sup> 追打 的 场面 司空 见惯 。 <u>而</u><sup>1.203</sup> <u>判</u><sup>5.202</sup> <u>球员</u><sup>3.136</sup> <span class='target'>越位</span> 或 <u>球员</u><sup>3.136</sup> <u>罚</u><sup>3.565</sup> 出场 外 是 他们 成为 “ 矢 <small>之 的 ” 的 原因 。 最 典型 的 例子</small>""",-6.88160245496929,33.0102869587962,NA,NA
越位/V/XIN_CMN_19980815_wpr/14895,越位/V/XIN_CMN_19980815_wpr/14895,越位,XIN,Mainland,quality,员/N;分钟/N;队/N;传给/V;时/N;成功/V;曲圣卿/N;上场/V;半/N;球/N,"""<small>球 , 缩小 了 比分 差距 。 辽宁队 先后 换上</small> 了 几 名 老 <u>队</u><sup>2.526</sup> <u>员</u><sup>1.892</sup> , 并 第八十七 <u>分钟</u><sup>4.676</sup> <span class='target'>越位</span> <u>成功</u><sup>4.127</sup> , <u>曲圣卿</u><sup>7.181</sup> <u>球</u><sup>4.938</sup> <u>传给</u><sup>5.002</sup> 下 <u>半</u><sup>2.338</sup> <u>时</u><sup>1.419</sup> 替换 <u>上场</u><sup>3.253</sup> <small>的 外援 姆博克 , 后者 罚球区 内 接球 轻松 破网</small>""",5.32999987825735,-12.5249456698433,NA,NA
越位/V/CNA_CMN_20020616_wpr/86640,越位/V/CNA_CMN_20020616_wpr/86640,越位,CNA,Taiwan,quality,牙/N;多达/V;西班/N;半/N;次/N;场/N;破坏力/N;奇大/V;莫瑞安提/N;斯/N;劳尔/N,"""<small>的 快速 反击 , 频频 制造 越位 陷阱 , 上</small> <u>半</u><sup>2.338</sup> <u>场</u><sup>2.195</sup> 让 <u>西班</u><sup>4.44</sup> <u>牙</u><sup>3.583</sup> 有 <u>多达</u><sup>3.101</sup> 九 <u>次</u><sup>1.442</sup> 的 <span class='target'>越位</span> , 是 <u>破坏力</u><sup>5.951</sup> <u>奇大</u><sup>7.823</sup> 的 <u>莫瑞安提</u><sup>8.265</sup> <u>斯</u><sup>1.796</sup> 与 <u>劳尔</u><sup>6.367</sup> ( <small>Raul Gonzales ) , 多 次 陷入 越位 陷阱 ,</small>""",-36.8032501428063,37.9060244735079,NA,NA
越位/V/CNA_CMN_20020622_wpr/97881,越位/V/CNA_CMN_20020622_wpr/97881,越位,CNA,Taiwan,quality,越过/V;球门线/N;明显/V;但/C;因为/C;分钟/N;快速/V;算/V;第二十四/N;进/V;球/N,"""<small>( Rustu Recber ) 身 后 , 补上 一 脚</small> , 虽然 <u>越过</u><sup>3.69</sup> 了 <u>球门线</u><sup>7.227</sup> , <u>但</u><sup>1.664</sup> <u>因为</u><sup>1.02</sup> <u>明显</u><sup>1.564</sup> 的 <span class='target'>越位</span> , <u>进</u><sup>2.086</sup> <u>球</u><sup>4.938</sup> <u>算</u><sup>3.014</sup> 。 <u>第二十四</u><sup>4.39</sup> <u>分钟</u><sup>4.676</sup> , 土耳其 <u>快速</u><sup>2.662</sup> <small>反击 , 哈山 ( Hasan Sas ) 单刀 杀到 禁区</small>""",-15.2517058786654,-16.4889821254928,NA,NA
越位/V/XIN_CMN_20010502_wpr/8737,越位/V/XIN_CMN_20010502_wpr/8737,越位,XIN,Mainland,quality,分钟/N;号/N;9/N;时/N;山东队/N;成功/V;左/N;射门/V;失/V;球/N;得分/N,"""<small>军 中 路 获得 机会 , 禁区 内 破 门</small> 。 39 <u>分钟</u><sup>4.676</sup> <u>时</u><sup>1.419</sup> , <u>山东队</u><sup>3.911</sup> <u>9</u><sup>1.905</sup> <u>号</u><sup>2.726</sup> 相 福军反 <span class='target'>越位</span> <u>成功</u><sup>4.127</sup> , 接队友 <u>左</u><sup>2.977</sup> 路传 <u>球</u><sup>4.938</sup> <u>射门</u><sup>5.351</sup> <u>得分</u><sup>2.681</sup> 。 <u>失</u><sup>2.06</sup> <small>两 球 的 吉林队 下 半 场 加紧 了 进攻</small>""",1.86825573524683,-22.2284373151997,NA,NA
越位/V/XIN_CMN_19970505_wpr/47314,越位/V/XIN_CMN_19970505_wpr/47314,越位,XIN,Mainland,quality,反/V;分钟/N;快速/V;时/N;反击/V;高峰/N;0/N;3/N;成功/V;比分/N,"""<small>渐减 ; 中国队 先后 换上 了 黎兵 和 李金羽 ,</small> 加强 <u>快速</u><sup>2.662</sup> <u>反击</u><sup>4.156</sup> 。 第78 <u>分钟</u><sup>4.676</sup> <u>时</u><sup>1.419</sup> , <u>高峰</u><sup>2.481</sup> <u>反</u><sup>3.137</sup> <span class='target'>越位</span> <u>成功</u><sup>4.127</sup> , <u>比分</u><sup>3.63</sup> 扩大到 了 <u>3</u><sup>1.502</sup> : <u>0</u><sup>2.329</sup> ; <u>3</u><sup>1.502</sup> <small>分钟 之后 , 李金羽 单刀赴会 , 起脚 劲射 , 球</small>""",-6.22981220465821,-26.20085538849,NA,NA
越位/V/CNA_CMN_20020616_wpr/96798,越位/V/CNA_CMN_20020616_wpr/96798,越位,CNA,Taiwan,quality,多达/V;半/N;西班牙/N;次/N;场/N;破坏力/N;奇大/V;莫瑞安提/N;斯/N;劳尔/N;Raul/F,"""<small>防线 优异 的 默契 , 频频 制造 位 陷阱 ,</small> 上 <u>半</u><sup>2.338</sup> <u>场</u><sup>2.195</sup> 让 <u>西班牙</u><sup>1.916</sup> 有 <u>多达</u><sup>3.101</sup> 九 <u>次</u><sup>1.442</sup> 的 <span class='target'>越位</span> , 是 <u>破坏力</u><sup>5.951</sup> <u>奇大</u><sup>7.823</sup> 的 <u>莫瑞安提</u><sup>8.265</sup> <u>斯</u><sup>1.796</sup> <u>劳尔</u><sup>6.367</sup> ( <u>Raul</u><sup>8.942</sup> <small>Gonzales ) , 多 次 陷入 越位 陷阱 , 错失</small>""",-31.3011421851394,36.6381286591496,NA,NA
越位/V/CNA_CMN_20020613_wpr/175705,越位/V/CNA_CMN_20020613_wpr/175705,越位,CNA,Taiwan,quality,射/V;破网/N;义大利/N;算/V;教练/N,"""<small>比赛 中 的 一段 小 插曲 。 第十三 分钟 ,</small> 英萨吉 ( Filippo Inzaghi ) 抽 <u>射</u><sup>5.363</sup> <u>破网</u><sup>5.703</sup> , 认定为 <span class='target'>越位</span> <u>算</u><sup>3.014</sup> 。 <u>义大利</u><sup>1.662</sup> <u>教练</u><sup>1.868</sup> 查普托尼 ( Giovanni Trapattoni ) 下 <small>半 场 十 分钟 之后 , 英萨吉 换下 , 蒙泰拉</small>""",28.6848066223544,-34.0479454888251,NA,NA
越位/V/CNA_CMN_19980625_wpr/870,越位/V/CNA_CMN_19980625_wpr/870,越位,CNA,Taiwan,quality,分钟/N;队员/N;防守/V;带/V;球/N,"""<small>, 上下 半 场 进 一 球 。 开赛 第十八</small> <u>分钟</u><sup>4.676</sup> , 尽管 沙乌地阿拉伯 <u>防守</u><sup>3.986</sup> <u>队员</u><sup>3.657</sup> 表示 南非 <u>队员</u><sup>3.657</sup> 巴特列 <span class='target'>越位</span> , 不过 巴特列 不加 理会 <u>带</u><sup>2.193</sup> <u>球</u><sup>4.938</sup> 攻门 得逞 , <small>南非队 获得 领先 。 沙乌地阿拉伯队 的 两 次 罚球 使得</small>""",12.9090572228428,-20.8220803836438,1,in
越位/V/CNA_CMN_20020516_wpr/96102,越位/V/CNA_CMN_20020516_wpr/96102,越位,CNA,Taiwan,quality,对手/N;中场/N;对方/N;前锋/N,"""<small>战术 基本 上 是 后卫 三 名 横地 排成 一</small> 列 频仍 地 同时 前进 后退 , 使 <u>对手</u><sup>2.282</sup> 陷于 <span class='target'>越位</span> 减少 <u>对方</u><sup>4.479</sup> <u>前锋</u><sup>4.887</sup> 的 活动 空间 , <u>前锋</u><sup>4.887</sup> 和 <u>中场</u><sup>3.86</sup> <small>接近 对方 球门 夺球 进攻 , 是 种 具有 攻</small>""",16.0258243819052,-3.61978056760887,NA,NA
越位/V/CNA_CMN_20021225_wpr/56527,越位/V/CNA_CMN_20021225_wpr/56527,越位,CNA,Taiwan,quality,但/C;职能/N;次/N;错位/N;缺位/N;存在/V;现象/N,"""<small>细化 。 深圳市 人事局 局长 陈安仁 指出 , 深圳 进行</small> 六 <u>次</u><sup>1.442</sup> 大 规模 机构 改革 , <u>但</u><sup>1.664</sup> 政府 <u>职能</u><sup>3.066</sup> <span class='target'>越位</span> 、 <u>错位</u><sup>7.791</sup> 、 <u>缺位</u><sup>8.483</sup> <u>现象</u><sup>1.641</sup> <u>存在</u><sup>1.723</sup> , 且 决策 易 <small>受 执行部门 利益 的 影响 , 缺乏 有效 制约 等</small>""",-46.8004296421742,-15.2470467709661,4,out
越位/V/XIN_CMN_19940613_wpr/45171,越位/V/XIN_CMN_19940613_wpr/45171,越位,XIN,Mainland,quality,分/V;场/N;限制/N;判罚/V;后/N,"""<small>联 做 的 一 切事 几乎 是 鼓励 进攻 ,</small> 知 小组 赛胜 一 <u>场</u><sup>2.195</sup> 得 三 <u>分</u><sup>1.961</sup> 、 放宽 <span class='target'>越位</span> <u>限制</u><sup>1.325</sup> 、 设立 杯赛 娱乐奖 、 <u>判罚</u><sup>6.319</sup> 背 <u>后</u><sup>1.054</sup> 阻截 <small>犯规者 出场 、 禁止 守门员 手接 回传球 这些 新 规定</small>""",-1.8601130306629,43.4912489411911,NA,NA
越位/V/XIN_CMN_20041217_wpr/6950,越位/V/XIN_CMN_20041217_wpr/6950,越位,XIN,Mainland,quality,争议/N;医学/N;判罚/V;西班牙/N,"""<small>称 人类 肉眼 越位 进行 准确 的 判断 , 因此</small> 足球场 上 才 出现 如此 多 的 有 <u>争议</u><sup>1.818</sup> 的 <span class='target'>越位</span> <u>判罚</u><sup>6.319</sup> 。 日前 , <u>西班牙</u><sup>1.916</sup> 医生 马鲁恩达 《 英国 <u>医学</u><sup>1.898</sup> <small>杂志 》 上 发表 文章 说 , 判 断 越位</small>""",2.1306938475511,46.3106153022269,NA,NA
越位/V/CNA_CMN_20020622_wpr/93894,越位/V/CNA_CMN_20020622_wpr/93894,越位,CNA,Taiwan,quality,对手/N;西班牙/N;次/N;攻/V;最后/N;错失/V;进/V;机会/N,"""<small>守 城池 , 逼 西班牙 进入 延长赛 , 体力 踢垮</small> <u>对手</u><sup>2.282</sup> , 结 果 <u>西班牙</u><sup>1.916</sup> 操之过急 , 发生 五 <u>次</u><sup>1.442</sup> <span class='target'>越位</span> , <u>错失</u><sup>6.217</sup> 了 许多 大好 <u>进</u><sup>2.086</sup> <u>攻</u><sup>3.59</sup> <u>机会</u><sup>2.466</sup> , <u>最后</u><sup>1.036</sup> <small>意外 踢 罚球 输掉 比赛 。 910622 民进党 预定 七月</small>""",-13.0911595857482,-37.2334383933519,NA,NA
越位/V/CNA_CMN_20020622_wpr/116266,越位/V/CNA_CMN_20020622_wpr/116266,越位,CNA,Taiwan,quality,明显/V;裁判/N;但/C;判定/V;算/V;进/V;场/N;比赛/N;球/N,"""<small>。 亨利 . 卡马拉 一 度 球 捅过 球门线 而</small> 有望 塞队 建功 破蛋 , <u>但</u><sup>1.664</sup> <u>裁判</u><sup>4.925</sup> <u>判定</u><sup>4.198</sup> 他 <u>明显</u><sup>1.564</sup> <span class='target'>越位</span> , <u>进</u><sup>2.086</sup> <u>球</u><sup>4.938</sup> <u>算</u><sup>3.014</sup> 。 土耳其 上 一 <u>场</u><sup>2.195</sup> <u>比赛</u><sup>1.979</sup> <small>日本队 淘汰 。 910622 伊朗 震灾 五百 死 两千 伤</small>""",13.4093282292209,33.8205161832239,NA,NA
越位/V/XIN_CMN_19990624_wpr/23740,越位/V/XIN_CMN_19990624_wpr/23740,越位,XIN,Mainland,quality,中国队/N;次/N;比赛/N;成功/V;队/N,"""<small>, 加纳队 制造 越位 的 战术 中国队 领教 , 这</small> <u>次</u><sup>1.442</sup> <u>比赛</u><sup>1.979</sup> <u>中国队</u><sup>3.166</sup> 有 的 心理 准备 。 几 <u>次</u><sup>1.442</sup> <span class='target'>越位</span> <u>成功</u><sup>4.127</sup> , 给 中 国 <u>队</u><sup>2.526</sup> 打开 了 胜利 之 <small>门 。 他 认为 加纳队 今天 比赛 的 表现 较</small>""",-5.09675503418692,-4.59494933285976,NA,NA
越位/V/XIN_CMN_19990612_wpr/18218,越位/V/XIN_CMN_19990612_wpr/18218,越位,XIN,Mainland,quality,但/C;美国队/N;2/N;裁判/N;球/N,"""<small>但 优势 。 1996 年 奥运会 上 , 我们 1</small> : <u>2</u><sup>2.017</sup> 输给 <u>美国队</u><sup>2.598</sup> , <u>但</u><sup>1.664</sup> 美 队进 的 是 <span class='target'>越位</span> <u>球</u><sup>4.938</sup> , 结果 <u>裁判</u><sup>4.925</sup> 算进 。 我们 不久前 来 美国 <small>热身赛 , 1 : 2 输 给 对方 的 那</small>""",7.6041469944947,32.4294210076252,NA,NA
越位/V/XIN_CMN_20010325_wpr/16492,越位/V/XIN_CMN_20010325_wpr/16492,越位,XIN,Mainland,quality,;管/V,"""<small>府 职能 , 转变 工作 方式 , 转变 工作 作风</small> , 政府机 关办 的 事情 坚决 减 下来 , “ <span class='target'>越位</span> ” , 该 政府 机关 <u>管</u><sup>1.6</sup> 的 事情 , <u>管</u><sup>1.6</sup> <small>, 而且 管住 、 管 好 , “ 缺位 ”</small>""",-52.4552963396641,-11.3473677568895,NA,NA
越位/V/CNA_CMN_20020608_wpr/107751,越位/V/CNA_CMN_20020608_wpr/107751,越位,CNA,Taiwan,quality,判/V;空门/N;球/N;义大利/N;无效/V;终场/N,"""<small>接应 长 传球 , 造成 克罗埃西亚 门将 普雷提科 萨 混乱</small> 中 扑 <u>球</u><sup>4.938</sup> , <u>球</u><sup>4.938</sup> 滚进 <u>空门</u><sup>5.731</sup> 内 , <u>判</u><sup>5.202</sup> <span class='target'>越位</span> <u>无效</u><sup>5.459</sup> , <u>义大利</u><sup>1.662</sup> 功亏一篑 , <u>终场</u><sup>2.916</sup> 一 二 饮恨 。 <small>克罗埃 亚 始终 保持 了 高昂 的 斗志 , 他们</small>""",-7.56228536610684,24.595653702206,NA,NA
越位/V/XIN_CMN_20020604_wpr/55187,越位/V/XIN_CMN_20020604_wpr/55187,越位,XIN,Mainland,quality,3/N;犯规/V;2/N;16/N;角球/N;点/N;22/N;球/N;10/N;黄牌/N;控球/N;3/N;51/N;49/N;2/N;红牌/N;乌龙球/N;%/N;时间/N,"""<small>: 韩国队 波兰队 进球 2 0 射门 15 9 射</small> 正7 <u>3</u><sup>1.502</sup> <u>犯规</u><sup>6.325</sup> <u>16</u><sup>1.689</sup> <u>22</u><sup>1.982</sup> <u>角球</u><sup>6.974</sup> <u>10</u><sup>1.237</sup> <u>2</u><sup>2.017</sup> <u>点</u><sup>1.834</sup> <u>球</u><sup>4.938</sup> <span class='target'>越位</span> <u>乌龙球</u><sup>9.011</sup> <u>黄牌</u><sup>5.706</sup> <u>2</u><sup>2.017</sup> <u>3</u><sup>1.502</sup> <u>红牌</u><sup>6.753</sup> <u>控球</u><sup>7.494</sup> <u>时间</u><sup>1.931</sup> <u>51</u><sup>2.936</sup> <u>%</u><sup>1.631</sup> <u>49</u><sup>3.063</sup> <small>% 中外 三 家 汽车厂商 打造 中国 最 大 汽车</small>""",8.26339470526652,-52.0017322874884,NA,NA
越位/V/CNA_CMN_20020616_wpr/86891,越位/V/CNA_CMN_20020616_wpr/86891,越位,CNA,Taiwan,quality,牙/N;多达/V;西班/N;半/N;次/N;场/N;破坏力/N;奇大/V;莫瑞安提/N;斯/N;劳尔/N,"""<small>的 快速 反击 , 频频 制造 越位 陷阱 , 上</small> <u>半</u><sup>2.338</sup> <u>场</u><sup>2.195</sup> 让 <u>西班</u><sup>4.44</sup> <u>牙</u><sup>3.583</sup> 有 <u>多达</u><sup>3.101</sup> 九 <u>次</u><sup>1.442</sup> 的 <span class='target'>越位</span> , 是 <u>破坏力</u><sup>5.951</sup> <u>奇大</u><sup>7.823</sup> 的 <u>莫瑞安提</u><sup>8.265</sup> <u>斯</u><sup>1.796</sup> 与 <u>劳尔</u><sup>6.367</sup> ( <small>Raul Gonzales ) , 多 次 陷入 越位 陷阱 ,</small>""",-33.9587705839152,42.8720990891696,NA,NA
越位/V/CNA_CMN_20020616_wpr/86625,越位/V/CNA_CMN_20020616_wpr/86625,越位,CNA,Taiwan,quality,牙/N;快速/V;制造/N;频频/V;反击/V;牙/N;多达/V;西班/N;陷阱/N;半/N;场/N,"""<small>半 场 虽 掌握 较 多 控球 时间 , 但</small> 防堵 西 班 <u>牙</u><sup>3.583</sup> 的 <u>快速</u><sup>2.662</sup> <u>反击</u><sup>4.156</sup> , <u>频频</u><sup>3.847</sup> <u>制造</u><sup>2.53</sup> <span class='target'>越位</span> <u>陷阱</u><sup>6.45</sup> , 上 <u>半</u><sup>2.338</sup> <u>场</u><sup>2.195</sup> 让 <u>西班</u><sup>4.44</sup> <u>牙</u><sup>3.583</sup> 有 <u>多达</u><sup>3.101</sup> <small>九 次 的 越位 , 是 破坏力 奇大 的 莫瑞安提</small>""",38.040950944342,10.7680185247829,NA,NA
越位/V/CNA_CMN_19990716_wpr/995,越位/V/CNA_CMN_19990716_wpr/995,越位,CNA,Taiwan,quality,码/N;守门员/N;美国队/N;前/N;,"""<small>第三 届 世界盃 女子 足球赛 冠亚军 之 战 中 ,</small> <u>美国队</u><sup>2.598</sup> <u>守门员</u><sup>5.606</sup> 史卡莉 拦下 刘英 踢出 十二 <u>码</u><sup>3.154</sup> 罚球 <u>前</u><sup>1.257</sup> <span class='target'>越位</span> 的 犯规 行动 , 继续 美国 体育界 和 中国 大陆 <small>足球迷 间 发酵 。 报导 说 , 有 足球 常识</small>""",8.23854644981691,-4.41492726590814,NA,NA
越位/V/XIN_CMN_19910310_wpr/20931,越位/V/XIN_CMN_19910310_wpr/20931,越位,XIN,Mainland,quality,3/N;规则/N;进攻/V;队员/N;罚球区/N;位置/N;线/N,"""<small>以下 世界 青年 足球 锦标赛 , 试用 3 条 新</small> <u>规则</u><sup>3.052</sup> 。 <u>3</u><sup>1.502</sup> 条 新 <u>规则</u><sup>3.052</sup> 是 : 一 、 <span class='target'>越位</span> 线定 <u>罚球区</u><sup>5.483</sup> <u>线</u><sup>1.656</sup> 平行 的 <u>位置</u><sup>3.087</sup> 上 , <u>进攻</u><sup>4.067</sup> <u>队员</u><sup>3.657</sup> <small>越过 这 道 线 才 有 越位 可能 ; 二</small>""",21.9631096835869,-18.8815271042032,NA,NA
越位/V/CNA_CMN_20020625_wpr/34942,越位/V/CNA_CMN_20020625_wpr/34942,越位,CNA,Taiwan,quality,助理/N;裁判/N;,"""<small>后面 , 专门 负责 观察 罚球区 内 发生 的 事情</small> , 让 <u>助理</u><sup>2.321</sup> <u>裁判</u><sup>4.925</sup> 有 较 大 的 空间 执行 <span class='target'>越位</span> 的 判决 。 布莱特 说 : 「 我们 接受 普拉提尼 <small>的 建议 , 明年 开 国际 足总 主办 的 四</small>""",5.63540402163361,40.6242010523411,NA,NA
越位/V/CNA_CMN_20010624_wpr/23511,越位/V/CNA_CMN_20010624_wpr/23511,越位,CNA,Taiwan,quality,球员/N;规则/N;比赛/N;限制/N;球员/N,"""<small>, 决定 今年 起 合办 。 他 指出 , 七人制</small> 足球赛 人数 , <u>比赛</u><sup>1.979</sup> <u>规则</u><sup>3.052</sup> 较为 弹性 , , <u>球员</u><sup>3.136</sup> <span class='target'>越位</span> 不得 超过 两 名 防守者 <u>限制</u><sup>1.325</sup> , 换言之 , <u>球员</u><sup>3.136</sup> <small>的 防守 或 战斗 位置 可以 更换 , 所以 ,</small>""",15.5365406071161,46.952293767503,NA,NA
越位/V/XIN_CMN_20020603_wpr/24508,越位/V/XIN_CMN_20020603_wpr/24508,越位,XIN,Mainland,quality,8/N;13/N;犯规/V;射门/V;角球/N;点/N;19/N;射/V;18/N;球/N;黄牌/N;控球/N;40/N;红牌/N;乌龙球/N;%/N;时间/N,"""<small>技术 统计 结果 如下 : 意大利队 厄瓜多尔队 进球 2 0</small> <u>射门</u><sup>5.351</sup> <u>13</u><sup>1.652</sup> <u>8</u><sup>1.698</sup> <u>射</u><sup>5.363</sup> <u>犯规</u><sup>6.325</sup> <u>19</u><sup>1.876</sup> <u>18</u><sup>1.937</sup> <u>角球</u><sup>6.974</sup> <u>点</u><sup>1.834</sup> <u>球</u><sup>4.938</sup> <span class='target'>越位</span> <u>乌龙球</u><sup>9.011</sup> <u>黄牌</u><sup>5.706</sup> <u>红牌</u><sup>6.753</sup> <u>控球</u><sup>7.494</sup> <u>时间</u><sup>1.931</sup> <u>40</u><sup>1.152</sup> <u>%</u><sup>1.631</sup> 60 <u>%</u><sup>1.631</sup> 中国 <small>出版 保护 母亲河 行动 教育 丛书 第30 个 “ 六</small>""",13.1134076181767,-40.1078274479307,NA,NA
越位/V/XIN_CMN_19940703_wpr/3438,越位/V/XIN_CMN_19940703_wpr/3438,越位,XIN,Mainland,quality,扳平/V;分钟/N;时/N;分/V;国安队/N;成功/V;刀/N;劲射/V,"""<small>太阳神队 7 号 胡志军 左 路 突破 近 门施射 ,</small> <u>分</u><sup>1.961</sup> <u>扳平</u><sup>5.452</sup> 。 第六十六 <u>分钟</u><sup>4.676</sup> <u>时</u><sup>1.419</sup> , 北京 <u>国安队</u><sup>5.052</sup> 曹限东 <span class='target'>越位</span> <u>成功</u><sup>4.127</sup> , 单 <u>刀</u><sup>3.195</sup> 赴会 <u>劲射</u><sup>4.955</sup> 中 鹄 , 使得 <small>上海队 领先 。 可惜 的 是 北京国 安 队 领先</small>""",1.75744513020216,-28.4836849860582,NA,NA
越位/V/CNA_CMN_20020616_wpr/76108,越位/V/CNA_CMN_20020616_wpr/76108,越位,CNA,Taiwan,quality,判/V;但/C;踢进/V;时/N;中场/N;球/N;算/V;前锋/N,"""<small>瑞典 有过之而无不及 , 而且 传球 非常 准确 , 第二十六 分钟</small> <u>时</u><sup>1.419</sup> <u>中场</u><sup>3.86</sup> 狄欧 普 <u>踢进</u><sup>4.361</sup> 一 <u>球</u><sup>4.938</sup> , <u>但</u><sup>1.664</sup> <u>判</u><sup>5.202</sup> <span class='target'>越位</span> <u>算</u><sup>3.014</sup> 。 企图心 和 斗志 旺盛 的 塞内加尔 <u>前锋</u><sup>4.887</sup> 狄欧夫 <small>频频 冲 锋 陷阵 , 为 瑞典 门 前 带来</small>""",-1.75480553815953,12.5823815476559,NA,NA
越位/V/CNA_CMN_20020515_wpr/169952,越位/V/CNA_CMN_20020515_wpr/169952,越位,CNA,Taiwan,quality,防/V;失误/N;守/V;战术/N,"""<small>。 」 全 日报 份 第一 的 读卖 新闻 此</small> 一 败绩 归咎于 日队 <u>防</u><sup>1.484</sup> <u>守</u><sup>2.8</sup> 上 的 <u>失误</u><sup>4.536</sup> , <span class='target'>越位</span> <u>战术</u><sup>5.074</sup> 失效 令 人 忧心 。 该 报 说 : <small>「 教练 特鲁西耶 传授给 球员 的 防守 策略 对方 破解</small>""",31.2117207746044,-7.12481394851392,NA,NA
越位/V/XIN_CMN_20000909_wpr/7118,越位/V/XIN_CMN_20000909_wpr/7118,越位,XIN,Mainland,quality,反/V;成功/N;球迷/N;战术/N;进/V,"""<small>全 线 前 压 , 八一 振邦队 抓住 对方 后防</small> 空虚 的 “ 软 肋 ” , <u>成功</u><sup>2.209</sup> 运用 <u>反</u><sup>3.137</sup> <span class='target'>越位</span> <u>战术</u><sup>5.074</sup> , 在 柳州 <u>球迷</u><sup>1.833</sup> 的 助威声 中 , <u>进</u><sup>2.086</sup> <small>行 了 精彩 的 射门 “ 表演 ” 。 第二十三</small>""",31.0303673271021,-1.77476303279755,3,in
越位/V/XIN_CMN_20000420_wpr/4943,越位/V/XIN_CMN_20000420_wpr/4943,越位,XIN,Mainland,quality,判/V;但/C;外援/N;攻进/V;球/N;练/V;无效/V;后/N;主教/N,"""<small>, 国安队 加强 防守 的 同时 坚决 打 快速 反击</small> 。 深圳队 <u>外援</u><sup>4.736</sup> 桑德鲁 <u>攻进</u><sup>4.956</sup> 一 <u>球</u><sup>4.938</sup> , <u>但</u><sup>1.664</sup> <u>判</u><sup>5.202</sup> <span class='target'>越位</span> <u>无效</u><sup>5.459</sup> 。 失利 <u>后</u><sup>1.054</sup> 的 深圳队 <u>主教</u><sup>2.784</sup> <u>练</u><sup>1.975</sup> 塔瓦雷斯 面色 <small>凝重 , 他 无奈 地 说 , 深圳队 打 得</small>""",-3.79221802785516,20.2916673440219,NA,NA
越位/V/XIN_CMN_20021016_wpr/287,越位/V/XIN_CMN_20021016_wpr/287,越位,XIN,Mainland,quality,足球/N;时/N;判断/N;,"""<small>巴厘岛 爆炸案 促使 印尼 加强 反恐 力度 西班牙 客机 起飞</small> <u>时</u><sup>1.419</sup> 掉 轮胎 被迫 返航 德 科学家 发明 <u>判断</u><sup>3.417</sup> <u>足球</u><sup>2.077</sup> <span class='target'>越位</span> 的 电 子系统 尼 日利 亚 北部 爆发 霍乱 造成 <small>50 人 死亡 中国 影片 角逐 开罗 国际 电影节 大奖</small>""",23.67796850264,42.2491792673064,5,in
越位/V/CNA_CMN_20020616_wpr/95780,越位/V/CNA_CMN_20020616_wpr/95780,越位,CNA,Taiwan,quality,进球/N;因为/C;半/N;次/N;场/N;分钟/N;而/C;半/N;场/N;取消/V;在先/V,"""<small>越位 陷阱 , 错失 了 不少 机会 。 西班牙 上</small> 、 下 <u>半</u><sup>2.338</sup> <u>场</u><sup>2.195</sup> 各 有 一 <u>次</u><sup>1.442</sup> <u>进球</u><sup>5.715</sup> <u>因为</u><sup>1.02</sup> <span class='target'>越位</span> <u>在先</u><sup>7.502</sup> <u>而</u><sup>1.203</sup> <u>取消</u><sup>1.821</sup> 。 上 <u>半</u><sup>2.338</sup> <u>场</u><sup>2.195</sup> 二十五 <u>分钟</u><sup>4.676</sup> , <small>莫瑞安提 斯 门 前 头顶 短传给 恩瑞克 ( Luis Enrique</small>""",-23.102987818562,7.11860300889949,NA,NA
越位/V/CNA_CMN_20020629_wpr/123100,越位/V/CNA_CMN_20020629_wpr/123100,越位,CNA,Taiwan,quality,判决/V;改变/N;防守/V;队/N,"""<small>次 争议性 的 无效 进球 之多 , 凸显出 有 越位</small> <u>判决</u><sup>2.863</sup> 调整 。 他 说 , 「 我们 必须 <u>改变</u><sup>1.637</sup> <span class='target'>越位</span> 规定 」 ; 并 指出 , 未来 允许 <u>防守</u><sup>3.986</sup> <u>队</u><sup>2.526</sup> <small>最后 一 名 后卫 和 带 球 攻门 球员 之</small>""",14.636964381336,21.3513879386814,NA,NA
越位/V/CNA_CMN_19940309_wpr/53509,越位/V/CNA_CMN_19940309_wpr/53509,越位,CNA,Taiwan,quality,做到/V;而/C;尽职/V;角度/N,"""<small>报告 」 中 指出 , 「 政协 」 新 时期</small> 的 重要 地 位 和 作用 , <u>做到</u><sup>2.956</sup> <u>尽职</u><sup>6.425</sup> <u>而</u><sup>1.203</sup> <span class='target'>越位</span> … 注意 建好 <u>角度</u><sup>2.93</sup> 等 。 这 番 讲话 , <small>引起 了 委员 普遍 的 不满 及 抱怨 。 洛阳</small>""",-53.5240995543461,-18.9724335079662,NA,NA
